Timestamp,Frequencia (Hz),Impedancia (Ohm),Fase (Graus),Z_real,Z_imag
2026-06-16 16:41:53,1000,4290.0,0.0,4290.00,0.00
2026-06-16 16:41:53,2000,4290.0,0.0,4290.00,0.00
2026-06-16 16:41:53,3000,4290.0,0.0,4290.00,0.00
2026-06-16 16:41:53,4000,4290.0,0.0,4290.00,0.00
2026-06-16 16:41:53,5000,4290.0,0.0,4290.00,0.00
2026-06-16 16:41:53,6000,4290.0,0.0,4290.00,0.00
2026-06-16 16:41:53,7000,4290.0,0.0,4290.00,0.00
2026-06-16 16:41:53,8000,4290.0,0.0,4290.00,0.00
2026-06-16 16:41:53,9000,4290.0,0.0,4290.00,0.00
2026-06-16 16:41:53,10000,4290.0,0.0,4290.00,0.00
2026-06-16 16:41:53,11000,4290.0,0.0,4290.00,0.00
2026-06-16 16:41:53,12000,4290.0,0.0,4290.00,0.00
2026-06-16 16:41:53,13000,4290.0,0.0,4290.00,0.00
2026-06-16 16:41:53,14000,4290.0,0.0,4290.00,0.00
2026-06-16 16:41:53,15000,4290.0,0.0,4290.00,0.00
2026-06-16 16:41:53,16000,4290.0,0.0,4290.00,0.00
2026-06-16 16:41:53,17000,4290.0,0.0,4290.00,0.00
2026-06-16 16:41:54,18000,4290.0,0.0,4290.00,0.00
2026-06-16 16:41:54,19000,4290.0,0.0,4290.00,0.00
2026-06-16 16:41:54,20000,4290.0,0.0,4290.00,0.00
2026-06-16 16:41:54,21000,4290.0,0.0,4290.00,0.00
2026-06-16 16:41:54,22000,4290.0,0.0,4290.00,0.00
2026-06-16 16:41:54,23000,4290.0,0.0,4290.00,0.00
2026-06-16 16:41:54,24000,4290.0,0.0,4290.00,0.00
2026-06-16 16:41:54,25000,4290.0,0.0,4290.00,0.00
2026-06-16 16:41:54,26000,4290.0,0.0,4290.00,0.00
2026-06-16 16:41:54,27000,4290.0,0.0,4290.00,0.00
2026-06-16 16:41:54,28000,4290.0,0.0,4290.00,0.00
2026-06-16 16:41:54,29000,4290.0,0.0,4290.00,0.00
2026-06-16 16:41:54,30000,4290.0,0.0,4290.00,0.00
2026-06-16 16:41:54,31000,4290.0,0.0,4290.00,0.00
2026-06-16 16:41:54,32000,4290.0,0.0,4290.00,0.00
2026-06-16 16:41:54,33000,4290.0,0.0,4290.00,0.00
2026-06-16 16:41:54,34000,4290.0,0.0,4290.00,0.00
2026-06-16 16:41:54,35000,4290.0,0.0,4290.00,0.00
2026-06-16 16:41:54,36000,4290.0,0.0,4290.00,0.00
2026-06-16 16:41:54,37000,4290.0,0.0,4290.00,0.00
2026-06-16 16:41:54,38000,4290.0,0.0,4290.00,0.00
2026-06-16 16:41:54,39000,4290.0,0.0,4290.00,0.00
2026-06-16 16:41:54,40000,4290.0,0.0,4290.00,0.00
2026-06-16 16:41:54,41000,4290.0,0.0,4290.00,0.00
2026-06-16 16:41:54,42000,4290.0,0.0,4290.00,0.00
2026-06-16 16:41:54,43000,4237.63,1.4,4236.37,103.53
2026-06-16 16:41:54,44000,4290.0,0.0,4290.00,0.00
2026-06-16 16:41:54,45000,4290.0,0.0,4290.00,0.00
2026-06-16 16:41:54,46000,4290.0,0.0,4290.00,0.00
2026-06-16 16:41:54,47000,4290.0,0.0,4290.00,0.00
2026-06-16 16:41:54,48000,4290.0,0.0,4290.00,0.00
2026-06-16 16:41:54,49000,4248.12,-0.34,4248.05,-25.21
2026-06-16 16:41:54,50000,4290.0,0.0,4290.00,0.00
2026-06-16 16:41:54,51000,4290.0,0.0,4290.00,0.00
2026-06-16 16:41:54,52000,4290.0,0.0,4290.00,0.00
2026-06-16 16:41:54,53000,4290.0,0.0,4290.00,0.00
2026-06-16 16:41:54,54000,4290.0,0.0,4290.00,0.00
2026-06-16 16:41:54,55000,4290.0,0.0,4290.00,0.00
2026-06-16 16:41:54,56000,4290.0,0.0,4290.00,0.00
2026-06-16 16:41:54,57000,4290.0,0.0,4290.00,0.00
2026-06-16 16:41:54,58000,4290.0,0.0,4290.00,0.00
2026-06-16 16:41:54,59000,4290.0,0.0,4290.00,0.00
2026-06-16 16:41:54,60000,4290.0,0.0,4290.00,0.00
2026-06-16 16:41:54,61000,4290.0,0.0,4290.00,0.00
2026-06-16 16:41:54,62000,4290.0,0.0,4290.00,0.00
2026-06-16 16:41:54,63000,4290.0,0.0,4290.00,0.00
2026-06-16 16:41:54,64000,4290.0,0.0,4290.00,0.00
2026-06-16 16:41:54,65000,4290.0,0.0,4290.00,0.00
2026-06-16 16:41:54,66000,4290.0,0.0,4290.00,0.00
2026-06-16 16:41:54,67000,4290.0,0.0,4290.00,0.00
2026-06-16 16:41:55,68000,4290.0,0.0,4290.00,0.00
2026-06-16 16:41:55,69000,4290.0,0.0,4290.00,0.00
2026-06-16 16:41:55,70000,4290.0,0.0,4290.00,0.00
2026-06-16 16:41:55,71000,4290.0,0.0,4290.00,0.00
2026-06-16 16:41:55,72000,4290.0,0.0,4290.00,0.00
2026-06-16 16:41:55,73000,4290.0,0.0,4290.00,0.00
2026-06-16 16:41:55,74000,4290.0,0.0,4290.00,0.00
2026-06-16 16:41:55,75000,4290.0,0.0,4290.00,0.00
2026-06-16 16:41:55,76000,4290.0,0.0,4290.00,0.00
2026-06-16 16:41:55,77000,4290.0,0.0,4290.00,0.00
2026-06-16 16:41:55,78000,4290.0,0.0,4290.00,0.00
2026-06-16 16:41:55,79000,4290.0,0.0,4290.00,0.00
2026-06-16 16:41:55,80000,4290.0,0.0,4290.00,0.00
2026-06-16 16:41:55,81000,4290.0,0.0,4290.00,0.00
2026-06-16 16:41:55,82000,4290.0,0.0,4290.00,0.00
2026-06-16 16:41:55,83000,4290.0,0.0,4290.00,0.00
2026-06-16 16:41:55,84000,4290.0,0.0,4290.00,0.00
2026-06-16 16:41:55,85000,4290.0,0.0,4290.00,0.00
2026-06-16 16:41:55,86000,4290.0,0.0,4290.00,0.00
2026-06-16 16:41:55,87000,4290.0,0.0,4290.00,0.00
2026-06-16 16:41:55,88000,4290.0,0.0,4290.00,0.00
2026-06-16 16:41:55,89000,4290.0,0.0,4290.00,0.00
2026-06-16 16:41:55,90000,4290.0,0.0,4290.00,0.00
2026-06-16 16:41:55,91000,4290.0,0.0,4290.00,0.00
2026-06-16 16:41:55,92000,4290.0,0.0,4290.00,0.00
2026-06-16 16:41:55,93000,4290.0,0.0,4290.00,0.00
2026-06-16 16:41:55,94000,4290.0,0.0,4290.00,0.00
2026-06-16 16:41:55,95000,4290.0,0.0,4290.00,0.00
2026-06-16 16:41:55,96000,4290.0,0.0,4290.00,0.00
2026-06-16 16:41:55,97000,4290.0,0.0,4290.00,0.00
2026-06-16 16:41:55,98000,4290.0,0.0,4290.00,0.00
2026-06-16 16:41:55,99000,4290.0,0.0,4290.00,0.00
2026-06-16 16:41:55,100000,4290.0,0.0,4290.00,0.00
2026-06-16 16:42:05,1000,5449.27,25.24,4929.03,2323.63
2026-06-16 16:42:06,2000,95519.82,-125.36,-55278.46,-77899.47
2026-06-16 16:42:06,3000,152371.12,-159.9,-143090.84,-52363.81
2026-06-16 16:42:06,4000,152464.28,-161.46,-144551.67,-48478.55
2026-06-16 16:42:06,5000,152464.28,-161.46,-144551.67,-48478.55
2026-06-16 16:42:06,6000,152674.86,-163.04,-146034.82,-44535.87
2026-06-16 16:42:06,7000,152674.86,-163.04,-146034.82,-44535.87
2026-06-16 16:42:06,8000,152990.17,-164.57,-147475.83,-40704.70
2026-06-16 16:42:06,9000,152990.17,-164.57,-147475.83,-40704.70
2026-06-16 16:42:06,10000,153391.84,-166.03,-148854.86,-37030.91
2026-06-16 16:42:06,11000,153391.84,-166.03,-148854.86,-37030.91
2026-06-16 16:42:06,12000,153391.84,-166.03,-148854.86,-37030.91
2026-06-16 16:42:06,13000,153909.59,-167.52,-150272.94,-33259.68
2026-06-16 16:42:06,14000,149760.61,-167.74,-146345.18,-31801.40
2026-06-16 16:42:06,15000,150387.98,-169.24,-147743.83,-28076.76
2026-06-16 16:42:06,16000,150387.98,-169.24,-147743.83,-28076.76
2026-06-16 16:42:06,17000,150387.98,-169.24,-147743.83,-28076.76
2026-06-16 16:42:06,18000,151167.63,-170.82,-149231.48,-24116.77
2026-06-16 16:42:06,19000,151167.63,-170.82,-149231.48,-24116.77
2026-06-16 16:42:06,20000,154872.72,-34.14,128183.31,-86917.20
2026-06-16 16:42:06,21000,152162.35,-172.54,-150874.41,-19755.85
2026-06-16 16:42:06,22000,154872.72,-34.14,128183.31,-86917.20
2026-06-16 16:42:06,23000,153162.27,-174.06,-152339.91,-15850.30
2026-06-16 16:42:06,24000,155890.45,-35.65,126675.40,-90857.99
2026-06-16 16:42:06,25000,156961.31,-37.08,125222.86,-94636.61
2026-06-16 16:42:06,26000,150560.49,-175.89,-150173.29,-10790.90
2026-06-16 16:42:06,27000,150560.49,-175.89,-150173.29,-10790.90
2026-06-16 16:42:06,28000,154477.5,-38.97,120102.45,-97152.97
2026-06-16 16:42:06,29000,154477.5,-38.97,120102.45,-97152.97
2026-06-16 16:42:06,30000,155923.53,-40.54,118494.46,-101346.98
2026-06-16 16:42:06,31000,155923.53,-40.54,118494.46,-101346.98
2026-06-16 16:42:06,32000,155923.53,-40.54,118494.46,-101346.98
2026-06-16 16:42:06,33000,153427.66,-42.51,113100.64,-103673.97
2026-06-16 16:42:06,34000,153427.66,-42.51,113100.64,-103673.97
2026-06-16 16:42:06,35000,152342.59,177.61,-152210.07,6352.88
2026-06-16 16:42:06,36000,155056.17,-43.98,111575.67,-107672.13
2026-06-16 16:42:06,37000,155056.17,-43.98,111575.67,-107672.13
2026-06-16 16:42:06,38000,156785.7,-45.43,110029.09,-111693.13
2026-06-16 16:42:06,39000,152852.14,-46.1,105987.95,-110137.78
2026-06-16 16:42:06,40000,152852.14,-46.1,105987.95,-110137.78
2026-06-16 16:42:06,41000,154001.95,-47.0,105029.08,-112629.90
2026-06-16 16:42:07,42000,154001.95,-47.0,105029.08,-112629.90
2026-06-16 16:42:07,43000,154001.95,-47.0,105029.08,-112629.90
2026-06-16 16:42:07,44000,155905.22,-48.4,103509.56,-116585.63
2026-06-16 16:42:07,45000,152245.32,-49.12,99641.05,-115109.94
2026-06-16 16:42:07,46000,154318.75,-50.52,98117.22,-119110.40
2026-06-16 16:42:07,47000,154318.75,-50.52,98117.22,-119110.40
2026-06-16 16:42:07,48000,154318.75,-50.52,98117.22,-119110.40
2026-06-16 16:42:07,49000,154888.79,-52.19,94953.79,-122369.58
2026-06-16 16:42:07,50000,154888.79,-52.19,94953.79,-122369.58
2026-06-16 16:42:07,51000,154888.79,-52.19,94953.79,-122369.58
2026-06-16 16:42:07,52000,157264.75,-53.59,93345.96,-126565.13
2026-06-16 16:42:07,53000,157264.75,-53.59,93345.96,-126565.13
2026-06-16 16:42:07,54000,153851.06,-54.41,89538.40,-125112.04
2026-06-16 16:42:07,55000,156148.56,-55.67,88061.31,-128947.97
2026-06-16 16:42:07,56000,156148.56,-55.67,88061.31,-128947.97
2026-06-16 16:42:07,57000,156148.56,-55.67,88061.31,-128947.97
2026-06-16 16:42:07,58000,154991.06,-57.8,82591.06,-131152.38
2026-06-16 16:42:07,59000,154991.06,-57.8,82591.06,-131152.38
2026-06-16 16:42:07,60000,154991.06,-57.8,82591.06,-131152.38
2026-06-16 16:42:07,61000,157605.07,-59.06,81031.10,-135178.84
2026-06-16 16:42:07,62000,154268.17,-60.03,77064.12,-133640.52
2026-06-16 16:42:07,63000,154268.17,-60.03,77064.12,-133640.52
2026-06-16 16:42:07,64000,156632.28,-61.09,75721.55,-137112.79
2026-06-16 16:42:07,65000,156632.28,-61.09,75721.55,-137112.79
2026-06-16 16:42:07,66000,153688.72,-62.02,72105.11,-135724.26
2026-06-16 16:42:07,67000,153688.72,-62.02,72105.11,-135724.26
2026-06-16 16:42:07,68000,156500.74,-63.19,70587.05,-139678.02
2026-06-16 16:42:07,69000,153414.08,-64.24,66674.14,-138168.16
2026-06-16 16:42:07,70000,153414.08,-64.24,66674.14,-138168.16
2026-06-16 16:42:07,71000,156208.61,-65.32,65224.89,-141939.58
2026-06-16 16:42:07,72000,156208.61,-65.32,65224.89,-141939.58
2026-06-16 16:42:07,73000,153323.11,-66.38,61431.80,-140478.15
2026-06-16 16:42:07,74000,153323.11,-66.38,61431.80,-140478.15
2026-06-16 16:42:07,75000,156318.47,-67.46,59921.30,-144377.64
2026-06-16 16:42:07,76000,153498.88,-68.58,56058.06,-142896.47
2026-06-16 16:42:07,77000,153498.88,-68.58,56058.06,-142896.47
2026-06-16 16:42:07,78000,153498.88,-68.58,56058.06,-142896.47
2026-06-16 16:42:07,79000,153242.84,-70.94,50042.69,-144841.63
2026-06-16 16:42:07,80000,153242.84,-70.94,50042.69,-144841.63
2026-06-16 16:42:07,81000,153242.84,-70.94,50042.69,-144841.63
2026-06-16 16:42:07,82000,150655.54,-72.12,46254.93,-143379.12
2026-06-16 16:42:07,83000,153871.95,-73.08,44782.30,-147211.15
2026-06-16 16:42:07,84000,153871.95,-73.08,44782.30,-147211.15
2026-06-16 16:42:07,85000,151404.9,-74.3,40970.23,-145756.25
2026-06-16 16:42:07,86000,151404.9,-74.3,40970.23,-145756.25
2026-06-16 16:42:07,87000,154873.77,-75.25,39431.16,-149770.05
2026-06-16 16:42:07,88000,152420.58,-76.55,35452.53,-148240.18
2026-06-16 16:42:07,89000,152420.58,-76.55,35452.53,-148240.18
2026-06-16 16:42:07,90000,152420.58,-76.55,35452.53,-148240.18
2026-06-16 16:42:07,91000,149977.25,-77.93,31361.23,-146661.68
2026-06-16 16:42:07,92000,153598.8,-78.81,29807.87,-150678.74
2026-06-16 16:42:07,93000,153598.8,-78.81,29807.87,-150678.74
2026-06-16 16:42:08,94000,151402.85,-80.16,25874.35,-149175.54
2026-06-16 16:42:08,95000,151402.85,-80.16,25874.35,-149175.54
2026-06-16 16:42:08,96000,151402.85,-80.16,25874.35,-149175.54
2026-06-16 16:42:08,97000,155232.38,-82.83,19375.13,-154018.49
2026-06-16 16:42:08,98000,155232.38,-82.83,19375.13,-154018.49
2026-06-16 16:42:08,99000,155232.38,-82.83,19375.13,-154018.49
2026-06-16 16:42:08,100000,153323.42,-84.19,15520.92,-152535.81
2026-06-16 16:42:18,1000,5449.27,25.24,4929.03,2323.63
2026-06-16 16:42:18,2000,95519.82,-125.36,-55278.46,-77899.47
2026-06-16 16:42:18,3000,152371.12,-159.9,-143090.84,-52363.81
2026-06-16 16:42:18,4000,152464.28,-161.46,-144551.67,-48478.55
2026-06-16 16:42:18,5000,152464.28,-161.46,-144551.67,-48478.55
2026-06-16 16:42:18,6000,152674.86,-163.04,-146034.82,-44535.87
2026-06-16 16:42:18,7000,152674.86,-163.04,-146034.82,-44535.87
2026-06-16 16:42:18,8000,152990.17,-164.57,-147475.83,-40704.70
2026-06-16 16:42:18,9000,152990.17,-164.57,-147475.83,-40704.70
2026-06-16 16:42:18,10000,153391.84,-166.03,-148854.86,-37030.91
2026-06-16 16:42:18,11000,153391.84,-166.03,-148854.86,-37030.91
2026-06-16 16:42:18,12000,153391.84,-166.03,-148854.86,-37030.91
2026-06-16 16:42:18,13000,156651.08,-29.11,136864.06,-76208.85
2026-06-16 16:42:18,14000,149760.61,-167.74,-146345.18,-31801.40
2026-06-16 16:42:18,15000,150387.98,-169.24,-147743.83,-28076.76
2026-06-16 16:42:18,16000,150387.98,-169.24,-147743.83,-28076.76
2026-06-16 16:42:18,17000,150387.98,-169.24,-147743.83,-28076.76
2026-06-16 16:42:19,18000,151167.63,-170.82,-149231.48,-24116.77
2026-06-16 16:42:19,19000,151167.63,-170.82,-149231.48,-24116.77
2026-06-16 16:42:19,20000,154872.72,-34.14,128183.31,-86917.20
2026-06-16 16:42:19,21000,154872.72,-34.14,128183.31,-86917.20
2026-06-16 16:42:19,22000,152162.35,-172.54,-150874.41,-19755.85
2026-06-16 16:42:19,23000,153162.27,-174.06,-152339.91,-15850.30
2026-06-16 16:42:19,24000,153162.27,-174.06,-152339.91,-15850.30
2026-06-16 16:42:19,25000,154214.39,-175.48,-153734.77,-12153.19
2026-06-16 16:42:19,26000,153242.33,-37.48,121607.87,-93245.58
2026-06-16 16:42:19,27000,150560.49,-175.89,-150173.29,-10790.90
2026-06-16 16:42:19,28000,154477.5,-38.97,120102.45,-97152.97
2026-06-16 16:42:19,29000,154477.5,-38.97,120102.45,-97152.97
2026-06-16 16:42:19,30000,155923.53,-40.54,118494.46,-101346.98
2026-06-16 16:42:19,31000,155923.53,-40.54,118494.46,-101346.98
2026-06-16 16:42:19,32000,155923.53,-40.54,118494.46,-101346.98
2026-06-16 16:42:19,33000,153427.66,-42.51,113100.64,-103673.97
2026-06-16 16:42:19,34000,150742.59,179.09,-150723.58,2394.07
2026-06-16 16:42:19,35000,155056.17,-43.98,111575.67,-107672.13
2026-06-16 16:42:19,36000,155056.17,-43.98,111575.67,-107672.13
2026-06-16 16:42:19,37000,155056.17,-43.98,111575.67,-107672.13
2026-06-16 16:42:19,38000,156785.7,-45.43,110029.09,-111693.13
2026-06-16 16:42:19,39000,152852.14,-46.1,105987.95,-110137.78
2026-06-16 16:42:19,40000,152852.14,-46.1,105987.95,-110137.78
2026-06-16 16:42:19,41000,154001.95,-47.0,105029.08,-112629.90
2026-06-16 16:42:19,42000,154001.95,-47.0,105029.08,-112629.90
2026-06-16 16:42:19,43000,154001.95,-47.0,105029.08,-112629.90
2026-06-16 16:42:19,44000,155905.22,-48.4,103509.56,-116585.63
2026-06-16 16:42:19,45000,152245.32,-49.12,99641.05,-115109.94
2026-06-16 16:42:19,46000,154318.75,-50.52,98117.22,-119110.40
2026-06-16 16:42:19,47000,154318.75,-50.52,98117.22,-119110.40
2026-06-16 16:42:19,48000,154318.75,-50.52,98117.22,-119110.40
2026-06-16 16:42:19,49000,154888.79,-52.19,94953.79,-122369.58
2026-06-16 16:42:19,50000,154888.79,-52.19,94953.79,-122369.58
2026-06-16 16:42:19,51000,154888.79,-52.19,94953.79,-122369.58
2026-06-16 16:42:19,52000,157264.75,-53.59,93345.96,-126565.13
2026-06-16 16:42:19,53000,157264.75,-53.59,93345.96,-126565.13
2026-06-16 16:42:19,54000,153851.06,-54.41,89538.40,-125112.04
2026-06-16 16:42:19,55000,156148.56,-55.67,88061.31,-128947.97
2026-06-16 16:42:19,56000,156148.56,-55.67,88061.31,-128947.97
2026-06-16 16:42:19,57000,156148.56,-55.67,88061.31,-128947.97
2026-06-16 16:42:19,58000,154991.06,-57.8,82591.06,-131152.38
2026-06-16 16:42:19,59000,154991.06,-57.8,82591.06,-131152.38
2026-06-16 16:42:19,60000,154991.06,-57.8,82591.06,-131152.38
2026-06-16 16:42:19,61000,157605.07,-59.06,81031.10,-135178.84
2026-06-16 16:42:19,62000,154268.17,-60.03,77064.12,-133640.52
2026-06-16 16:42:19,63000,154268.17,-60.03,77064.12,-133640.52
2026-06-16 16:42:19,64000,156632.28,-61.09,75721.55,-137112.79
2026-06-16 16:42:19,65000,156632.28,-61.09,75721.55,-137112.79
2026-06-16 16:42:19,66000,153688.72,-62.02,72105.11,-135724.26
2026-06-16 16:42:19,67000,153688.72,-62.02,72105.11,-135724.26
2026-06-16 16:42:20,68000,156500.74,-63.19,70587.05,-139678.02
2026-06-16 16:42:20,69000,153414.08,-64.24,66674.14,-138168.16
2026-06-16 16:42:20,70000,153414.08,-64.24,66674.14,-138168.16
2026-06-16 16:42:20,71000,156208.61,-65.32,65224.89,-141939.58
2026-06-16 16:42:20,72000,156208.61,-65.32,65224.89,-141939.58
2026-06-16 16:42:20,73000,153323.11,-66.38,61431.80,-140478.15
2026-06-16 16:42:20,74000,153323.11,-66.38,61431.80,-140478.15
2026-06-16 16:42:20,75000,156318.47,-67.46,59921.30,-144377.64
2026-06-16 16:42:20,76000,153498.88,-68.58,56058.06,-142896.47
2026-06-16 16:42:20,77000,153498.88,-68.58,56058.06,-142896.47
2026-06-16 16:42:20,78000,153498.88,-68.58,56058.06,-142896.47
2026-06-16 16:42:20,79000,153242.84,-70.94,50042.69,-144841.63
2026-06-16 16:42:20,80000,153242.84,-70.94,50042.69,-144841.63
2026-06-16 16:42:20,81000,153242.84,-70.94,50042.69,-144841.63
2026-06-16 16:42:20,82000,150655.54,-72.12,46254.93,-143379.12
2026-06-16 16:42:20,83000,153871.95,-73.08,44782.30,-147211.15
2026-06-16 16:42:20,84000,153871.95,-73.08,44782.30,-147211.15
2026-06-16 16:42:20,85000,151404.9,-74.3,40970.23,-145756.25
2026-06-16 16:42:20,86000,151404.9,-74.3,40970.23,-145756.25
2026-06-16 16:42:20,87000,154873.77,-75.25,39431.16,-149770.05
2026-06-16 16:42:20,88000,152420.58,-76.55,35452.53,-148240.18
2026-06-16 16:42:20,89000,152420.58,-76.55,35452.53,-148240.18
2026-06-16 16:42:20,90000,152420.58,-76.55,35452.53,-148240.18
2026-06-16 16:42:20,91000,149977.25,-77.93,31361.23,-146661.68
2026-06-16 16:42:20,92000,153598.8,-78.81,29807.87,-150678.74
2026-06-16 16:42:20,93000,153598.8,-78.81,29807.87,-150678.74
2026-06-16 16:42:20,94000,151402.85,-80.16,25874.35,-149175.54
2026-06-16 16:42:20,95000,151402.85,-80.16,25874.35,-149175.54
2026-06-16 16:42:20,96000,151402.85,-80.16,25874.35,-149175.54
2026-06-16 16:42:20,97000,155232.38,-82.83,19375.13,-154018.49
2026-06-16 16:42:20,98000,155232.38,-82.83,19375.13,-154018.49
2026-06-16 16:42:20,99000,155232.38,-82.83,19375.13,-154018.49
2026-06-16 16:42:20,100000,153323.42,-84.19,15520.92,-152535.81
2026-06-16 16:42:30,1000,4763.81,7.16,4726.66,593.76
2026-06-16 16:42:31,2000,6425.46,-0.28,6425.38,-31.40
2026-06-16 16:42:31,3000,6425.55,0.25,6425.49,28.04
2026-06-16 16:42:31,4000,6429.48,-1.31,6427.80,-146.99
2026-06-16 16:42:31,5000,6420.67,1.03,6419.63,115.42
2026-06-16 16:42:31,6000,6429.54,-0.56,6429.23,-62.84
2026-06-16 16:42:31,7000,6429.54,-0.56,6429.23,-62.84
2026-06-16 16:42:31,8000,6422.97,0.28,6422.89,31.39
2026-06-16 16:42:31,9000,6422.97,0.28,6422.89,31.39
2026-06-16 16:42:31,10000,6439.83,-1.18,6438.46,-132.62
2026-06-16 16:42:31,11000,6439.83,-1.18,6438.46,-132.62
2026-06-16 16:42:31,12000,6410.31,1.1,6409.13,123.06
2026-06-16 16:42:31,13000,6431.95,-0.39,6431.80,-43.78
2026-06-16 16:42:31,14000,6258.56,-0.62,6258.19,-67.72
2026-06-16 16:42:31,15000,6284.78,-2.11,6280.52,-231.39
2026-06-16 16:42:31,16000,6248.4,0.03,6248.40,3.27
2026-06-16 16:42:31,17000,6248.4,0.03,6248.40,3.27
2026-06-16 16:42:31,18000,6280.8,-1.54,6278.53,-168.80
2026-06-16 16:42:31,19000,6530.96,1.23,6529.46,140.19
2026-06-16 16:42:31,20000,6573.94,-0.5,6573.69,-57.37
2026-06-16 16:42:31,21000,6573.94,-0.5,6573.69,-57.37
2026-06-16 16:42:31,22000,6573.94,-0.5,6573.69,-57.37
2026-06-16 16:42:31,23000,6554.84,0.2,6554.80,22.88
2026-06-16 16:42:31,24000,6554.84,0.2,6554.80,22.88
2026-06-16 16:42:31,25000,6599.87,-1.23,6598.35,-141.67
2026-06-16 16:42:31,26000,6443.5,-1.63,6440.89,-183.29
2026-06-16 16:42:31,27000,6369.41,0.68,6368.96,75.59
2026-06-16 16:42:31,28000,6420.75,-0.8,6420.12,-89.65
2026-06-16 16:42:31,29000,6420.75,-0.8,6420.12,-89.65
2026-06-16 16:42:31,30000,6480.85,-2.37,6475.31,-268.00
2026-06-16 16:42:31,31000,6387.82,0.11,6387.81,12.26
2026-06-16 16:42:31,32000,6629.94,0.89,6629.14,102.98
2026-06-16 16:42:31,33000,6523.81,-1.08,6522.65,-122.96
2026-06-16 16:42:31,34000,6523.81,-1.08,6522.65,-122.96
2026-06-16 16:42:31,35000,6492.96,-0.34,6492.85,-38.53
2026-06-16 16:42:31,36000,6492.96,-0.34,6492.85,-38.53
2026-06-16 16:42:31,37000,6492.96,-0.34,6492.85,-38.53
2026-06-16 16:42:31,38000,6565.38,-1.78,6562.21,-203.93
2026-06-16 16:42:31,39000,6300.89,-0.4,6300.74,-43.99
2026-06-16 16:42:31,40000,6300.89,-0.4,6300.74,-43.99
2026-06-16 16:42:31,41000,6348.29,-1.3,6346.66,-144.03
2026-06-16 16:42:32,42000,6581.23,-0.33,6581.12,-37.90
2026-06-16 16:42:32,43000,6460.53,1.78,6457.41,200.68
2026-06-16 16:42:32,44000,6540.37,0.38,6540.23,43.38
2026-06-16 16:42:32,45000,6386.83,-0.34,6386.72,-37.90
2026-06-16 16:42:32,46000,6473.82,-1.75,6470.80,-197.70
2026-06-16 16:42:32,47000,6339.2,0.44,6339.01,48.68
2026-06-16 16:42:32,48000,6339.2,0.44,6339.01,48.68
2026-06-16 16:42:32,49000,6594.61,-0.02,6594.61,-2.30
2026-06-16 16:42:32,50000,6594.61,-0.02,6594.61,-2.30
2026-06-16 16:42:32,51000,6594.61,-0.02,6594.61,-2.30
2026-06-16 16:42:32,52000,6553.69,0.53,6553.41,60.62
2026-06-16 16:42:32,53000,6553.69,0.53,6553.41,60.62
2026-06-16 16:42:32,54000,6411.43,-0.28,6411.35,-31.33
2026-06-16 16:42:32,55000,6507.18,-1.54,6504.83,-174.88
2026-06-16 16:42:32,56000,6581.02,1.84,6577.63,211.31
2026-06-16 16:42:32,57000,6581.02,1.84,6577.63,211.31
2026-06-16 16:42:32,58000,6532.24,-0.3,6532.15,-34.20
2026-06-16 16:42:32,59000,6532.24,-0.3,6532.15,-34.20
2026-06-16 16:42:32,60000,6532.24,-0.3,6532.15,-34.20
2026-06-16 16:42:32,61000,6475.99,0.35,6475.87,39.56
2026-06-16 16:42:32,62000,6543.08,0.85,6542.36,97.06
2026-06-16 16:42:32,63000,6543.08,0.85,6542.36,97.06
2026-06-16 16:42:32,64000,6643.36,-0.21,6643.32,-24.35
2026-06-16 16:42:32,65000,6643.36,-0.21,6643.32,-24.35
2026-06-16 16:42:32,66000,6408.93,0.0,6408.93,0.00
2026-06-16 16:42:32,67000,6408.93,0.0,6408.93,0.00
2026-06-16 16:42:32,68000,6737.57,0.47,6737.34,55.27
2026-06-16 16:42:32,69000,6604.68,-0.58,6604.34,-66.86
2026-06-16 16:42:32,70000,6604.68,-0.58,6604.34,-66.86
2026-06-16 16:42:32,71000,6533.74,0.08,6533.73,9.12
2026-06-16 16:42:32,72000,6533.74,0.08,6533.73,9.12
2026-06-16 16:42:32,73000,6600.5,0.68,6600.04,78.33
2026-06-16 16:42:32,74000,6600.5,0.68,6600.04,78.33
2026-06-16 16:42:32,75000,6729.45,-0.4,6729.29,-46.98
2026-06-16 16:42:32,76000,6608.06,-1.52,6605.73,-175.28
2026-06-16 16:42:32,77000,6406.22,0.15,6406.20,16.77
2026-06-16 16:42:32,78000,6525.6,1.34,6523.82,152.60
2026-06-16 16:42:32,79000,6514.72,-1.02,6513.69,-115.97
2026-06-16 16:42:32,80000,6514.72,-1.02,6513.69,-115.97
2026-06-16 16:42:32,81000,6514.72,-1.02,6513.69,-115.97
2026-06-16 16:42:32,82000,6404.73,-2.21,6399.97,-246.98
2026-06-16 16:42:32,83000,6500.63,0.11,6500.62,12.48
2026-06-16 16:42:32,84000,6500.63,0.11,6500.62,12.48
2026-06-16 16:42:32,85000,6396.4,-1.11,6395.20,-123.91
2026-06-16 16:42:32,86000,6396.4,-1.11,6395.20,-123.91
2026-06-16 16:42:32,87000,6542.95,-2.06,6538.72,-235.19
2026-06-16 16:42:32,88000,6608.25,-1.38,6606.33,-159.15
2026-06-16 16:42:32,89000,6608.25,-1.38,6606.33,-159.15
2026-06-16 16:42:32,90000,6371.35,0.09,6371.34,10.01
2026-06-16 16:42:32,91000,6269.21,-1.29,6267.62,-141.14
2026-06-16 16:42:32,92000,6570.77,-0.15,6570.75,-17.20
2026-06-16 16:42:32,93000,6570.77,-0.15,6570.75,-17.20
2026-06-16 16:42:33,94000,6476.83,-1.5,6474.61,-169.54
2026-06-16 16:42:33,95000,6476.83,-1.5,6474.61,-169.54
2026-06-16 16:42:33,96000,6627.63,0.67,6627.18,77.50
2026-06-16 16:42:33,97000,6795.26,-2.0,6791.12,-237.15
2026-06-16 16:42:33,98000,6556.51,-0.83,6555.82,-94.98
2026-06-16 16:42:33,99000,6556.51,-0.83,6555.82,-94.98
2026-06-16 16:42:33,100000,6475.88,-2.2,6471.11,-248.59
2026-06-16 16:42:43,1000,4763.81,7.16,4726.66,593.76
2026-06-16 16:42:43,2000,6425.46,-0.28,6425.38,-31.40
2026-06-16 16:42:43,3000,6425.55,0.25,6425.49,28.04
2026-06-16 16:42:43,4000,6429.48,-1.31,6427.80,-146.99
2026-06-16 16:42:43,5000,6420.67,1.03,6419.63,115.42
2026-06-16 16:42:43,6000,6429.54,-0.56,6429.23,-62.84
2026-06-16 16:42:43,7000,6429.54,-0.56,6429.23,-62.84
2026-06-16 16:42:43,8000,6422.97,0.28,6422.89,31.39
2026-06-16 16:42:43,9000,6422.97,0.28,6422.89,31.39
2026-06-16 16:42:43,10000,6439.83,-1.18,6438.46,-132.62
2026-06-16 16:42:43,11000,6439.83,-1.18,6438.46,-132.62
2026-06-16 16:42:43,12000,6410.31,1.1,6409.13,123.06
2026-06-16 16:42:43,13000,6431.95,-0.39,6431.80,-43.78
2026-06-16 16:42:43,14000,6258.56,-0.62,6258.19,-67.72
2026-06-16 16:42:43,15000,6248.4,0.03,6248.40,3.27
2026-06-16 16:42:43,16000,6248.4,0.03,6248.40,3.27
2026-06-16 16:42:43,17000,6248.4,0.03,6248.40,3.27
2026-06-16 16:42:44,18000,6280.8,-1.54,6278.53,-168.80
2026-06-16 16:42:44,19000,6530.96,1.23,6529.46,140.19
2026-06-16 16:42:44,20000,6573.94,-0.5,6573.69,-57.37
2026-06-16 16:42:44,21000,6573.94,-0.5,6573.69,-57.37
2026-06-16 16:42:44,22000,6573.94,-0.5,6573.69,-57.37
2026-06-16 16:42:44,23000,6554.84,0.2,6554.80,22.88
2026-06-16 16:42:44,24000,6554.84,0.2,6554.80,22.88
2026-06-16 16:42:44,25000,6599.87,-1.23,6598.35,-141.67
2026-06-16 16:42:44,26000,6443.5,-1.63,6440.89,-183.29
2026-06-16 16:42:44,27000,6369.41,0.68,6368.96,75.59
2026-06-16 16:42:44,28000,6420.75,-0.8,6420.12,-89.65
2026-06-16 16:42:44,29000,6420.75,-0.8,6420.12,-89.65
2026-06-16 16:42:44,30000,6480.85,-2.37,6475.31,-268.00
2026-06-16 16:42:44,31000,6387.82,0.11,6387.81,12.26
2026-06-16 16:42:44,32000,6629.94,0.89,6629.14,102.98
2026-06-16 16:42:44,33000,6523.81,-1.08,6522.65,-122.96
2026-06-16 16:42:44,34000,6523.81,-1.08,6522.65,-122.96
2026-06-16 16:42:44,35000,6492.96,-0.34,6492.85,-38.53
2026-06-16 16:42:44,36000,6492.96,-0.34,6492.85,-38.53
2026-06-16 16:42:44,37000,6492.96,-0.34,6492.85,-38.53
2026-06-16 16:42:44,38000,6565.38,-1.78,6562.21,-203.93
2026-06-16 16:42:44,39000,6300.89,-0.4,6300.74,-43.99
2026-06-16 16:42:44,40000,6300.89,-0.4,6300.74,-43.99
2026-06-16 16:42:44,41000,6348.29,-1.3,6346.66,-144.03
2026-06-16 16:42:44,42000,6581.23,-0.33,6581.12,-37.90
2026-06-16 16:42:44,43000,6460.53,1.78,6457.41,200.68
2026-06-16 16:42:44,44000,6540.37,0.38,6540.23,43.38
2026-06-16 16:42:44,45000,6386.83,-0.34,6386.72,-37.90
2026-06-16 16:42:44,46000,6473.82,-1.75,6470.80,-197.70
2026-06-16 16:42:44,47000,6339.2,0.44,6339.01,48.68
2026-06-16 16:42:44,48000,6339.2,0.44,6339.01,48.68
2026-06-16 16:42:44,49000,6594.61,-0.02,6594.61,-2.30
2026-06-16 16:42:44,50000,6594.61,-0.02,6594.61,-2.30
2026-06-16 16:42:44,51000,6594.61,-0.02,6594.61,-2.30
2026-06-16 16:42:44,52000,6553.69,0.53,6553.41,60.62
2026-06-16 16:42:44,53000,6553.69,0.53,6553.41,60.62
2026-06-16 16:42:44,54000,6411.43,-0.28,6411.35,-31.33
2026-06-16 16:42:44,55000,6507.18,-1.54,6504.83,-174.88
2026-06-16 16:42:44,56000,6746.61,-0.15,6746.59,-17.66
2026-06-16 16:42:44,57000,6581.02,1.84,6577.63,211.31
2026-06-16 16:42:44,58000,6532.24,-0.3,6532.15,-34.20
2026-06-16 16:42:44,59000,6532.24,-0.3,6532.15,-34.20
2026-06-16 16:42:44,60000,6532.24,-0.3,6532.15,-34.20
2026-06-16 16:42:44,61000,6475.99,0.35,6475.87,39.56
2026-06-16 16:42:44,62000,6543.08,0.85,6542.36,97.06
2026-06-16 16:42:44,63000,6543.08,0.85,6542.36,97.06
2026-06-16 16:42:44,64000,6643.36,-0.21,6643.32,-24.35
2026-06-16 16:42:44,65000,6643.36,-0.21,6643.32,-24.35
2026-06-16 16:42:44,66000,6408.93,0.0,6408.93,0.00
2026-06-16 16:42:44,67000,6408.93,0.0,6408.93,0.00
2026-06-16 16:42:45,68000,6737.57,0.47,6737.34,55.27
2026-06-16 16:42:45,69000,6604.68,-0.58,6604.34,-66.86
2026-06-16 16:42:45,70000,6604.68,-0.58,6604.34,-66.86
2026-06-16 16:42:45,71000,6533.74,0.08,6533.73,9.12
2026-06-16 16:42:45,72000,6533.74,0.08,6533.73,9.12
2026-06-16 16:42:45,73000,6600.5,0.68,6600.04,78.33
2026-06-16 16:42:45,74000,6600.5,0.68,6600.04,78.33
2026-06-16 16:42:45,75000,6729.45,-0.4,6729.29,-46.98
2026-06-16 16:42:45,76000,6608.06,-1.52,6605.73,-175.28
2026-06-16 16:42:45,77000,6406.22,0.15,6406.20,16.77
2026-06-16 16:42:45,78000,6525.6,1.34,6523.82,152.60
2026-06-16 16:42:45,79000,6514.72,-1.02,6513.69,-115.97
2026-06-16 16:42:45,80000,6514.72,-1.02,6513.69,-115.97
2026-06-16 16:42:45,81000,6514.72,-1.02,6513.69,-115.97
2026-06-16 16:42:45,82000,6404.73,-2.21,6399.97,-246.98
2026-06-16 16:42:45,83000,6500.63,0.11,6500.62,12.48
2026-06-16 16:42:45,84000,6500.63,0.11,6500.62,12.48
2026-06-16 16:42:45,85000,6396.4,-1.11,6395.20,-123.91
2026-06-16 16:42:45,86000,6396.4,-1.11,6395.20,-123.91
2026-06-16 16:42:45,87000,6542.95,-2.06,6538.72,-235.19
2026-06-16 16:42:45,88000,6608.25,-1.38,6606.33,-159.15
2026-06-16 16:42:45,89000,6608.25,-1.38,6606.33,-159.15
2026-06-16 16:42:45,90000,6371.35,0.09,6371.34,10.01
2026-06-16 16:42:45,91000,6269.21,-1.29,6267.62,-141.14
2026-06-16 16:42:45,92000,6570.77,-0.15,6570.75,-17.20
2026-06-16 16:42:45,93000,6570.77,-0.15,6570.75,-17.20
2026-06-16 16:42:45,94000,6476.83,-1.5,6474.61,-169.54
2026-06-16 16:42:45,95000,6476.83,-1.5,6474.61,-169.54
2026-06-16 16:42:45,96000,6627.63,0.67,6627.18,77.50
2026-06-16 16:42:45,97000,6795.26,-2.0,6791.12,-237.15
2026-06-16 16:42:45,98000,6556.51,-0.83,6555.82,-94.98
2026-06-16 16:42:45,99000,6556.51,-0.83,6555.82,-94.98
2026-06-16 16:42:45,100000,6475.88,-2.2,6471.11,-248.59
2026-06-16 16:42:55,1000,4763.81,7.16,4726.66,593.76
2026-06-16 16:42:56,2000,6425.46,-0.28,6425.38,-31.40
2026-06-16 16:42:56,3000,6425.55,0.25,6425.49,28.04
2026-06-16 16:42:56,4000,6429.48,-1.31,6427.80,-146.99
2026-06-16 16:42:56,5000,6420.67,1.03,6419.63,115.42
2026-06-16 16:42:56,6000,6429.54,-0.56,6429.23,-62.84
2026-06-16 16:42:56,7000,6429.54,-0.56,6429.23,-62.84
2026-06-16 16:42:56,8000,6422.97,0.28,6422.89,31.39
2026-06-16 16:42:56,9000,6422.97,0.28,6422.89,31.39
2026-06-16 16:42:56,10000,6439.83,-1.18,6438.46,-132.62
2026-06-16 16:42:56,11000,6439.83,-1.18,6438.46,-132.62
2026-06-16 16:42:56,12000,6410.31,1.1,6409.13,123.06
2026-06-16 16:42:56,13000,6431.95,-0.39,6431.80,-43.78
2026-06-16 16:42:56,14000,6258.56,-0.62,6258.19,-67.72
2026-06-16 16:42:56,15000,6284.78,-2.11,6280.52,-231.39
2026-06-16 16:42:56,16000,6248.4,0.03,6248.40,3.27
2026-06-16 16:42:56,17000,6248.4,0.03,6248.40,3.27
2026-06-16 16:42:56,18000,6280.8,-1.54,6278.53,-168.80
2026-06-16 16:42:56,19000,6530.96,1.23,6529.46,140.19
2026-06-16 16:42:56,20000,6573.94,-0.5,6573.69,-57.37
2026-06-16 16:42:56,21000,6573.94,-0.5,6573.69,-57.37
2026-06-16 16:42:56,22000,6573.94,-0.5,6573.69,-57.37
2026-06-16 16:42:56,23000,6554.84,0.2,6554.80,22.88
2026-06-16 16:42:56,24000,6554.84,0.2,6554.80,22.88
2026-06-16 16:42:56,25000,6599.87,-1.23,6598.35,-141.67
2026-06-16 16:42:56,26000,6443.5,-1.63,6440.89,-183.29
2026-06-16 16:42:56,27000,6369.41,0.68,6368.96,75.59
2026-06-16 16:42:56,28000,6420.75,-0.8,6420.12,-89.65
2026-06-16 16:42:56,29000,6420.75,-0.8,6420.12,-89.65
2026-06-16 16:42:56,30000,6480.85,-2.37,6475.31,-268.00
2026-06-16 16:42:56,31000,6387.82,0.11,6387.81,12.26
2026-06-16 16:42:56,32000,6629.94,0.89,6629.14,102.98
2026-06-16 16:42:56,33000,6523.81,-1.08,6522.65,-122.96
2026-06-16 16:42:56,34000,6523.81,-1.08,6522.65,-122.96
2026-06-16 16:42:56,35000,6492.96,-0.34,6492.85,-38.53
2026-06-16 16:42:56,36000,6492.96,-0.34,6492.85,-38.53
2026-06-16 16:42:56,37000,6492.96,-0.34,6492.85,-38.53
2026-06-16 16:42:56,38000,6565.38,-1.78,6562.21,-203.93
2026-06-16 16:42:56,39000,6300.89,-0.4,6300.74,-43.99
2026-06-16 16:42:56,40000,6300.89,-0.4,6300.74,-43.99
2026-06-16 16:42:56,41000,6348.29,-1.3,6346.66,-144.03
2026-06-16 16:42:57,42000,6581.23,-0.33,6581.12,-37.90
2026-06-16 16:42:57,43000,6460.53,1.78,6457.41,200.68
2026-06-16 16:42:57,44000,6540.37,0.38,6540.23,43.38
2026-06-16 16:42:57,45000,6386.83,-0.34,6386.72,-37.90
2026-06-16 16:42:57,46000,6473.82,-1.75,6470.80,-197.70
2026-06-16 16:42:57,47000,6339.2,0.44,6339.01,48.68
2026-06-16 16:42:57,48000,6339.2,0.44,6339.01,48.68
2026-06-16 16:42:57,49000,6594.61,-0.02,6594.61,-2.30
2026-06-16 16:42:57,50000,6594.61,-0.02,6594.61,-2.30
2026-06-16 16:42:57,51000,6594.61,-0.02,6594.61,-2.30
2026-06-16 16:42:57,52000,6553.69,0.53,6553.41,60.62
2026-06-16 16:42:57,53000,6553.69,0.53,6553.41,60.62
2026-06-16 16:42:57,54000,6411.43,-0.28,6411.35,-31.33
2026-06-16 16:42:57,55000,6507.18,-1.54,6504.83,-174.88
2026-06-16 16:42:57,56000,6581.02,1.84,6577.63,211.31
2026-06-16 16:42:57,57000,6581.02,1.84,6577.63,211.31
2026-06-16 16:42:57,58000,6532.24,-0.3,6532.15,-34.20
2026-06-16 16:42:57,59000,6532.24,-0.3,6532.15,-34.20
2026-06-16 16:42:57,60000,6532.24,-0.3,6532.15,-34.20
2026-06-16 16:42:57,61000,6475.99,0.35,6475.87,39.56
2026-06-16 16:42:57,62000,6543.08,0.85,6542.36,97.06
2026-06-16 16:42:57,63000,6543.08,0.85,6542.36,97.06
2026-06-16 16:42:57,64000,6643.36,-0.21,6643.32,-24.35
2026-06-16 16:42:57,65000,6643.36,-0.21,6643.32,-24.35
2026-06-16 16:42:57,66000,6408.93,0.0,6408.93,0.00
2026-06-16 16:42:57,67000,6408.93,0.0,6408.93,0.00
2026-06-16 16:42:57,68000,6737.57,0.47,6737.34,55.27
2026-06-16 16:42:57,69000,6604.68,-0.58,6604.34,-66.86
2026-06-16 16:42:57,70000,6604.68,-0.58,6604.34,-66.86
2026-06-16 16:42:57,71000,6533.74,0.08,6533.73,9.12
2026-06-16 16:42:57,72000,6533.74,0.08,6533.73,9.12
2026-06-16 16:42:57,73000,6600.5,0.68,6600.04,78.33
2026-06-16 16:42:57,74000,6600.5,0.68,6600.04,78.33
2026-06-16 16:42:57,75000,6729.45,-0.4,6729.29,-46.98
2026-06-16 16:42:57,76000,6608.06,-1.52,6605.73,-175.28
2026-06-16 16:42:57,77000,6406.22,0.15,6406.20,16.77
2026-06-16 16:42:57,78000,6525.6,1.34,6523.82,152.60
2026-06-16 16:42:57,79000,6514.72,-1.02,6513.69,-115.97
2026-06-16 16:42:57,80000,6514.72,-1.02,6513.69,-115.97
2026-06-16 16:42:57,81000,6514.72,-1.02,6513.69,-115.97
2026-06-16 16:42:57,82000,6404.73,-2.21,6399.97,-246.98
2026-06-16 16:42:57,83000,6500.63,0.11,6500.62,12.48
2026-06-16 16:42:57,84000,6500.63,0.11,6500.62,12.48
2026-06-16 16:42:57,85000,6396.4,-1.11,6395.20,-123.91
2026-06-16 16:42:57,86000,6396.4,-1.11,6395.20,-123.91
2026-06-16 16:42:57,87000,6542.95,-2.06,6538.72,-235.19
2026-06-16 16:42:57,88000,6608.25,-1.38,6606.33,-159.15
2026-06-16 16:42:57,89000,6608.25,-1.38,6606.33,-159.15
2026-06-16 16:42:57,90000,6371.35,0.09,6371.34,10.01
2026-06-16 16:42:57,91000,6269.21,-1.29,6267.62,-141.14
2026-06-16 16:42:57,92000,6570.77,-0.15,6570.75,-17.20
2026-06-16 16:42:57,93000,6570.77,-0.15,6570.75,-17.20
2026-06-16 16:42:58,94000,6476.83,-1.5,6474.61,-169.54
2026-06-16 16:42:58,95000,6476.83,-1.5,6474.61,-169.54
2026-06-16 16:42:58,96000,6627.63,0.67,6627.18,77.50
2026-06-16 16:42:58,97000,6795.26,-2.0,6791.12,-237.15
2026-06-16 16:42:58,98000,6556.51,-0.83,6555.82,-94.98
2026-06-16 16:42:58,99000,6556.51,-0.83,6555.82,-94.98
2026-06-16 16:42:58,100000,6475.88,-2.2,6471.11,-248.59
2026-06-16 16:43:08,1000,4763.81,7.16,4726.66,593.76
2026-06-16 16:43:08,2000,6425.46,-0.28,6425.38,-31.40
2026-06-16 16:43:08,3000,6425.55,0.25,6425.49,28.04
2026-06-16 16:43:08,4000,6429.48,-1.31,6427.80,-146.99
2026-06-16 16:43:08,5000,6420.67,1.03,6419.63,115.42
2026-06-16 16:43:08,6000,6429.54,-0.56,6429.23,-62.84
2026-06-16 16:43:08,7000,6429.54,-0.56,6429.23,-62.84
2026-06-16 16:43:08,8000,6422.97,0.28,6422.89,31.39
2026-06-16 16:43:08,9000,6422.97,0.28,6422.89,31.39
2026-06-16 16:43:08,10000,6439.83,-1.18,6438.46,-132.62
2026-06-16 16:43:08,11000,6439.83,-1.18,6438.46,-132.62
2026-06-16 16:43:08,12000,6410.31,1.1,6409.13,123.06
2026-06-16 16:43:08,13000,6431.95,-0.39,6431.80,-43.78
2026-06-16 16:43:08,14000,6258.56,-0.62,6258.19,-67.72
2026-06-16 16:43:08,15000,6284.78,-2.11,6280.52,-231.39
2026-06-16 16:43:08,16000,6248.4,0.03,6248.40,3.27
2026-06-16 16:43:08,17000,6248.4,0.03,6248.40,3.27
2026-06-16 16:43:09,18000,6280.8,-1.54,6278.53,-168.80
2026-06-16 16:43:09,19000,6530.96,1.23,6529.46,140.19
2026-06-16 16:43:09,20000,6573.94,-0.5,6573.69,-57.37
2026-06-16 16:43:09,21000,6573.94,-0.5,6573.69,-57.37
2026-06-16 16:43:09,22000,6573.94,-0.5,6573.69,-57.37
2026-06-16 16:43:09,23000,6554.84,0.2,6554.80,22.88
2026-06-16 16:43:09,24000,6554.84,0.2,6554.80,22.88
2026-06-16 16:43:09,25000,6599.87,-1.23,6598.35,-141.67
2026-06-16 16:43:09,26000,6443.5,-1.63,6440.89,-183.29
2026-06-16 16:43:09,27000,6369.41,0.68,6368.96,75.59
2026-06-16 16:43:09,28000,6420.75,-0.8,6420.12,-89.65
2026-06-16 16:43:09,29000,6420.75,-0.8,6420.12,-89.65
2026-06-16 16:43:09,30000,6480.85,-2.37,6475.31,-268.00
2026-06-16 16:43:09,31000,6387.82,0.11,6387.81,12.26
2026-06-16 16:43:09,32000,6629.94,0.89,6629.14,102.98
2026-06-16 16:43:09,33000,6523.81,-1.08,6522.65,-122.96
2026-06-16 16:43:09,34000,6523.81,-1.08,6522.65,-122.96
2026-06-16 16:43:09,35000,6492.96,-0.34,6492.85,-38.53
2026-06-16 16:43:09,36000,6492.96,-0.34,6492.85,-38.53
2026-06-16 16:43:09,37000,6492.96,-0.34,6492.85,-38.53
2026-06-16 16:43:09,38000,6565.38,-1.78,6562.21,-203.93
2026-06-16 16:43:09,39000,6300.89,-0.4,6300.74,-43.99
2026-06-16 16:43:09,40000,6300.89,-0.4,6300.74,-43.99
2026-06-16 16:43:09,41000,6581.23,-0.33,6581.12,-37.90
2026-06-16 16:43:09,42000,6581.23,-0.33,6581.12,-37.90
2026-06-16 16:43:09,43000,6460.53,1.78,6457.41,200.68
2026-06-16 16:43:09,44000,6540.37,0.38,6540.23,43.38
2026-06-16 16:43:09,45000,6386.83,-0.34,6386.72,-37.90
2026-06-16 16:43:09,46000,6473.82,-1.75,6470.80,-197.70
2026-06-16 16:43:09,47000,6339.2,0.44,6339.01,48.68
2026-06-16 16:43:09,48000,6339.2,0.44,6339.01,48.68
2026-06-16 16:43:09,49000,6594.61,-0.02,6594.61,-2.30
2026-06-16 16:43:09,50000,6594.61,-0.02,6594.61,-2.30
2026-06-16 16:43:09,51000,6594.61,-0.02,6594.61,-2.30
2026-06-16 16:43:09,52000,6553.69,0.53,6553.41,60.62
2026-06-16 16:43:09,53000,6553.69,0.53,6553.41,60.62
2026-06-16 16:43:09,54000,6411.43,-0.28,6411.35,-31.33
2026-06-16 16:43:09,55000,6507.18,-1.54,6504.83,-174.88
2026-06-16 16:43:09,56000,6581.02,1.84,6577.63,211.31
2026-06-16 16:43:09,57000,6581.02,1.84,6577.63,211.31
2026-06-16 16:43:09,58000,6532.24,-0.3,6532.15,-34.20
2026-06-16 16:43:09,59000,6532.24,-0.3,6532.15,-34.20
2026-06-16 16:43:09,60000,6532.24,-0.3,6532.15,-34.20
2026-06-16 16:43:09,61000,6475.99,0.35,6475.87,39.56
2026-06-16 16:43:09,62000,6543.08,0.85,6542.36,97.06
2026-06-16 16:43:09,63000,6543.08,0.85,6542.36,97.06
2026-06-16 16:43:09,64000,6643.36,-0.21,6643.32,-24.35
2026-06-16 16:43:09,65000,6643.36,-0.21,6643.32,-24.35
2026-06-16 16:43:09,66000,6408.93,0.0,6408.93,0.00
2026-06-16 16:43:09,67000,6408.93,0.0,6408.93,0.00
2026-06-16 16:43:10,68000,6737.57,0.47,6737.34,55.27
2026-06-16 16:43:10,69000,6604.68,-0.58,6604.34,-66.86
2026-06-16 16:43:10,70000,6604.68,-0.58,6604.34,-66.86
2026-06-16 16:43:10,71000,6533.74,0.08,6533.73,9.12
2026-06-16 16:43:10,72000,6533.74,0.08,6533.73,9.12
2026-06-16 16:43:10,73000,6600.5,0.68,6600.04,78.33
2026-06-16 16:43:10,74000,6600.5,0.68,6600.04,78.33
2026-06-16 16:43:10,75000,6729.45,-0.4,6729.29,-46.98
2026-06-16 16:43:10,76000,6608.06,-1.52,6605.73,-175.28
2026-06-16 16:43:10,77000,6406.22,0.15,6406.20,16.77
2026-06-16 16:43:10,78000,6525.6,1.34,6523.82,152.60
2026-06-16 16:43:10,79000,6514.72,-1.02,6513.69,-115.97
2026-06-16 16:43:10,80000,6514.72,-1.02,6513.69,-115.97
2026-06-16 16:43:10,81000,6514.72,-1.02,6513.69,-115.97
2026-06-16 16:43:10,82000,6404.73,-2.21,6399.97,-246.98
2026-06-16 16:43:10,83000,6500.63,0.11,6500.62,12.48
2026-06-16 16:43:10,84000,6500.63,0.11,6500.62,12.48
2026-06-16 16:43:10,85000,6396.4,-1.11,6395.20,-123.91
2026-06-16 16:43:10,86000,6396.4,-1.11,6395.20,-123.91
2026-06-16 16:43:10,87000,6542.95,-2.06,6538.72,-235.19
2026-06-16 16:43:10,88000,6608.25,-1.38,6606.33,-159.15
2026-06-16 16:43:10,89000,6608.25,-1.38,6606.33,-159.15
2026-06-16 16:43:10,90000,6371.35,0.09,6371.34,10.01
2026-06-16 16:43:10,91000,6269.21,-1.29,6267.62,-141.14
2026-06-16 16:43:10,92000,6570.77,-0.15,6570.75,-17.20
2026-06-16 16:43:10,93000,6570.77,-0.15,6570.75,-17.20
2026-06-16 16:43:10,94000,6476.83,-1.5,6474.61,-169.54
2026-06-16 16:43:10,95000,6476.83,-1.5,6474.61,-169.54
2026-06-16 16:43:10,96000,6627.63,0.67,6627.18,77.50
2026-06-16 16:43:10,97000,6795.26,-2.0,6791.12,-237.15
2026-06-16 16:43:10,98000,6556.51,-0.83,6555.82,-94.98
2026-06-16 16:43:10,99000,6556.51,-0.83,6555.82,-94.98
2026-06-16 16:43:10,100000,6475.88,-2.2,6471.11,-248.59
2026-06-16 16:43:20,1000,4763.81,7.16,4726.66,593.76
2026-06-16 16:43:21,2000,6425.46,-0.28,6425.38,-31.40
2026-06-16 16:43:21,3000,6425.55,0.25,6425.49,28.04
2026-06-16 16:43:21,4000,6429.48,-1.31,6427.80,-146.99
2026-06-16 16:43:21,5000,6420.67,1.03,6419.63,115.42
2026-06-16 16:43:21,6000,6429.54,-0.56,6429.23,-62.84
2026-06-16 16:43:21,7000,6429.54,-0.56,6429.23,-62.84
2026-06-16 16:43:21,8000,6422.97,0.28,6422.89,31.39
2026-06-16 16:43:21,9000,6422.97,0.28,6422.89,31.39
2026-06-16 16:43:21,10000,6439.83,-1.18,6438.46,-132.62
2026-06-16 16:43:21,11000,6439.83,-1.18,6438.46,-132.62
2026-06-16 16:43:21,12000,6410.31,1.1,6409.13,123.06
2026-06-16 16:43:21,13000,6431.95,-0.39,6431.80,-43.78
2026-06-16 16:43:21,14000,6258.56,-0.62,6258.19,-67.72
2026-06-16 16:43:21,15000,6248.4,0.03,6248.40,3.27
2026-06-16 16:43:21,16000,6248.4,0.03,6248.40,3.27
2026-06-16 16:43:21,17000,6248.4,0.03,6248.40,3.27
2026-06-16 16:43:21,18000,6584.3,-1.06,6583.17,-121.81
2026-06-16 16:43:21,19000,6530.96,1.23,6529.46,140.19
2026-06-16 16:43:21,20000,6573.94,-0.5,6573.69,-57.37
2026-06-16 16:43:21,21000,6573.94,-0.5,6573.69,-57.37
2026-06-16 16:43:21,22000,6573.94,-0.5,6573.69,-57.37
2026-06-16 16:43:21,23000,6554.84,0.2,6554.80,22.88
2026-06-16 16:43:21,24000,6554.84,0.2,6554.80,22.88
2026-06-16 16:43:21,25000,6599.87,-1.23,6598.35,-141.67
2026-06-16 16:43:21,26000,6443.5,-1.63,6440.89,-183.29
2026-06-16 16:43:21,27000,6369.41,0.68,6368.96,75.59
2026-06-16 16:43:21,28000,6420.75,-0.8,6420.12,-89.65
2026-06-16 16:43:21,29000,6420.75,-0.8,6420.12,-89.65
2026-06-16 16:43:21,30000,6480.85,-2.37,6475.31,-268.00
2026-06-16 16:43:21,31000,6387.82,0.11,6387.81,12.26
2026-06-16 16:43:21,32000,6629.94,0.89,6629.14,102.98
2026-06-16 16:43:21,33000,6523.81,-1.08,6522.65,-122.96
2026-06-16 16:43:21,34000,6523.81,-1.08,6522.65,-122.96
2026-06-16 16:43:21,35000,6492.96,-0.34,6492.85,-38.53
2026-06-16 16:43:21,36000,6492.96,-0.34,6492.85,-38.53
2026-06-16 16:43:21,37000,6492.96,-0.34,6492.85,-38.53
2026-06-16 16:43:21,38000,6565.38,-1.78,6562.21,-203.93
2026-06-16 16:43:21,39000,6300.89,-0.4,6300.74,-43.99
2026-06-16 16:43:21,40000,6300.89,-0.4,6300.74,-43.99
2026-06-16 16:43:21,41000,6581.23,-0.33,6581.12,-37.90
2026-06-16 16:43:22,42000,6581.23,-0.33,6581.12,-37.90
2026-06-16 16:43:22,43000,6460.53,1.78,6457.41,200.68
2026-06-16 16:43:22,44000,6540.37,0.38,6540.23,43.38
2026-06-16 16:43:22,45000,6386.83,-0.34,6386.72,-37.90
2026-06-16 16:43:22,46000,6473.82,-1.75,6470.80,-197.70
2026-06-16 16:43:22,47000,6339.2,0.44,6339.01,48.68
2026-06-16 16:43:22,48000,6339.2,0.44,6339.01,48.68
2026-06-16 16:43:22,49000,6594.61,-0.02,6594.61,-2.30
2026-06-16 16:43:22,50000,6594.61,-0.02,6594.61,-2.30
2026-06-16 16:43:22,51000,6594.61,-0.02,6594.61,-2.30
2026-06-16 16:43:22,52000,6553.69,0.53,6553.41,60.62
2026-06-16 16:43:22,53000,6553.69,0.53,6553.41,60.62
2026-06-16 16:43:22,54000,6411.43,-0.28,6411.35,-31.33
2026-06-16 16:43:22,55000,6507.18,-1.54,6504.83,-174.88
2026-06-16 16:43:22,56000,6581.02,1.84,6577.63,211.31
2026-06-16 16:43:22,57000,6581.02,1.84,6577.63,211.31
2026-06-16 16:43:22,58000,6532.24,-0.3,6532.15,-34.20
2026-06-16 16:43:22,59000,6532.24,-0.3,6532.15,-34.20
2026-06-16 16:43:22,60000,6532.24,-0.3,6532.15,-34.20
2026-06-16 16:43:22,61000,6475.99,0.35,6475.87,39.56
2026-06-16 16:43:22,62000,6543.08,0.85,6542.36,97.06
2026-06-16 16:43:22,63000,6543.08,0.85,6542.36,97.06
2026-06-16 16:43:22,64000,6643.36,-0.21,6643.32,-24.35
2026-06-16 16:43:22,65000,6643.36,-0.21,6643.32,-24.35
2026-06-16 16:43:22,66000,6408.93,0.0,6408.93,0.00
2026-06-16 16:43:22,67000,6408.93,0.0,6408.93,0.00
2026-06-16 16:43:22,68000,6737.57,0.47,6737.34,55.27
2026-06-16 16:43:22,69000,6604.68,-0.58,6604.34,-66.86
2026-06-16 16:43:22,70000,6604.68,-0.58,6604.34,-66.86
2026-06-16 16:43:22,71000,6533.74,0.08,6533.73,9.12
2026-06-16 16:43:22,72000,6533.74,0.08,6533.73,9.12
2026-06-16 16:43:22,73000,6600.5,0.68,6600.04,78.33
2026-06-16 16:43:22,74000,6600.5,0.68,6600.04,78.33
2026-06-16 16:43:22,75000,6729.45,-0.4,6729.29,-46.98
2026-06-16 16:43:22,76000,6608.06,-1.52,6605.73,-175.28
2026-06-16 16:43:22,77000,6406.22,0.15,6406.20,16.77
2026-06-16 16:43:22,78000,6525.6,1.34,6523.82,152.60
2026-06-16 16:43:22,79000,6514.72,-1.02,6513.69,-115.97
2026-06-16 16:43:22,80000,6514.72,-1.02,6513.69,-115.97
2026-06-16 16:43:22,81000,6514.72,-1.02,6513.69,-115.97
2026-06-16 16:43:22,82000,6404.73,-2.21,6399.97,-246.98
2026-06-16 16:43:22,83000,6500.63,0.11,6500.62,12.48
2026-06-16 16:43:22,84000,6500.63,0.11,6500.62,12.48
2026-06-16 16:43:22,85000,6396.4,-1.11,6395.20,-123.91
2026-06-16 16:43:22,86000,6396.4,-1.11,6395.20,-123.91
2026-06-16 16:43:22,87000,6542.95,-2.06,6538.72,-235.19
2026-06-16 16:43:22,88000,6608.25,-1.38,6606.33,-159.15
2026-06-16 16:43:22,89000,6608.25,-1.38,6606.33,-159.15
2026-06-16 16:43:22,90000,6371.35,0.09,6371.34,10.01
2026-06-16 16:43:22,91000,6269.21,-1.29,6267.62,-141.14
2026-06-16 16:43:22,92000,6570.77,-0.15,6570.75,-17.20
2026-06-16 16:43:22,93000,6570.77,-0.15,6570.75,-17.20
2026-06-16 16:43:23,94000,6476.83,-1.5,6474.61,-169.54
2026-06-16 16:43:23,95000,6476.83,-1.5,6474.61,-169.54
2026-06-16 16:43:23,96000,6627.63,0.67,6627.18,77.50
2026-06-16 16:43:23,97000,6795.26,-2.0,6791.12,-237.15
2026-06-16 16:43:23,98000,6556.51,-0.83,6555.82,-94.98
2026-06-16 16:43:23,99000,6556.51,-0.83,6555.82,-94.98
2026-06-16 16:43:23,100000,6475.88,-2.2,6471.11,-248.59
2026-06-16 16:43:33,1000,4763.81,7.16,4726.66,593.76
2026-06-16 16:43:33,2000,6425.46,-0.28,6425.38,-31.40
2026-06-16 16:43:33,3000,6425.55,0.25,6425.49,28.04
2026-06-16 16:43:33,4000,6429.48,-1.31,6427.80,-146.99
2026-06-16 16:43:33,5000,6420.67,1.03,6419.63,115.42
2026-06-16 16:43:33,6000,6429.54,-0.56,6429.23,-62.84
2026-06-16 16:43:33,7000,6429.54,-0.56,6429.23,-62.84
2026-06-16 16:43:33,8000,6422.97,0.28,6422.89,31.39
2026-06-16 16:43:33,9000,6422.97,0.28,6422.89,31.39
2026-06-16 16:43:33,10000,6439.83,-1.18,6438.46,-132.62
2026-06-16 16:43:33,11000,6439.83,-1.18,6438.46,-132.62
2026-06-16 16:43:33,12000,6410.31,1.1,6409.13,123.06
2026-06-16 16:43:33,13000,6431.95,-0.39,6431.80,-43.78
2026-06-16 16:43:33,14000,6258.56,-0.62,6258.19,-67.72
2026-06-16 16:43:33,15000,6284.78,-2.11,6280.52,-231.39
2026-06-16 16:43:33,16000,6248.4,0.03,6248.40,3.27
2026-06-16 16:43:33,17000,6248.4,0.03,6248.40,3.27
2026-06-16 16:43:34,18000,6584.3,-1.06,6583.17,-121.81
2026-06-16 16:43:34,19000,6530.96,1.23,6529.46,140.19
2026-06-16 16:43:34,20000,6573.94,-0.5,6573.69,-57.37
2026-06-16 16:43:34,21000,6573.94,-0.5,6573.69,-57.37
2026-06-16 16:43:34,22000,6573.94,-0.5,6573.69,-57.37
2026-06-16 16:43:34,23000,6554.84,0.2,6554.80,22.88
2026-06-16 16:43:34,24000,6554.84,0.2,6554.80,22.88
2026-06-16 16:43:34,25000,6599.87,-1.23,6598.35,-141.67
2026-06-16 16:43:34,26000,6443.5,-1.63,6440.89,-183.29
2026-06-16 16:43:34,27000,6369.41,0.68,6368.96,75.59
2026-06-16 16:43:34,28000,6420.75,-0.8,6420.12,-89.65
2026-06-16 16:43:34,29000,6420.75,-0.8,6420.12,-89.65
2026-06-16 16:43:34,30000,6480.85,-2.37,6475.31,-268.00
2026-06-16 16:43:34,31000,6387.82,0.11,6387.81,12.26
2026-06-16 16:43:34,32000,6629.94,0.89,6629.14,102.98
2026-06-16 16:43:34,33000,6523.81,-1.08,6522.65,-122.96
2026-06-16 16:43:34,34000,6523.81,-1.08,6522.65,-122.96
2026-06-16 16:43:34,35000,6492.96,-0.34,6492.85,-38.53
2026-06-16 16:43:34,36000,6492.96,-0.34,6492.85,-38.53
2026-06-16 16:43:34,37000,6492.96,-0.34,6492.85,-38.53
2026-06-16 16:43:34,38000,6565.38,-1.78,6562.21,-203.93
2026-06-16 16:43:34,39000,6300.89,-0.4,6300.74,-43.99
2026-06-16 16:43:34,40000,6300.89,-0.4,6300.74,-43.99
2026-06-16 16:43:34,41000,6581.23,-0.33,6581.12,-37.90
2026-06-16 16:43:34,42000,6581.23,-0.33,6581.12,-37.90
2026-06-16 16:43:34,43000,6460.53,1.78,6457.41,200.68
2026-06-16 16:43:34,44000,6540.37,0.38,6540.23,43.38
2026-06-16 16:43:34,45000,6386.83,-0.34,6386.72,-37.90
2026-06-16 16:43:34,46000,6473.82,-1.75,6470.80,-197.70
2026-06-16 16:43:34,47000,6339.2,0.44,6339.01,48.68
2026-06-16 16:43:34,48000,6339.2,0.44,6339.01,48.68
2026-06-16 16:43:34,49000,6594.61,-0.02,6594.61,-2.30
2026-06-16 16:43:34,50000,6594.61,-0.02,6594.61,-2.30
2026-06-16 16:43:34,51000,6594.61,-0.02,6594.61,-2.30
2026-06-16 16:43:34,52000,6553.69,0.53,6553.41,60.62
2026-06-16 16:43:34,53000,6553.69,0.53,6553.41,60.62
2026-06-16 16:43:34,54000,6411.43,-0.28,6411.35,-31.33
2026-06-16 16:43:34,55000,6507.18,-1.54,6504.83,-174.88
2026-06-16 16:43:34,56000,6746.61,-0.15,6746.59,-17.66
2026-06-16 16:43:34,57000,6581.02,1.84,6577.63,211.31
2026-06-16 16:43:34,58000,6532.24,-0.3,6532.15,-34.20
2026-06-16 16:43:34,59000,6532.24,-0.3,6532.15,-34.20
2026-06-16 16:43:34,60000,6532.24,-0.3,6532.15,-34.20
2026-06-16 16:43:34,61000,6475.99,0.35,6475.87,39.56
2026-06-16 16:43:34,62000,6543.08,0.85,6542.36,97.06
2026-06-16 16:43:34,63000,6543.08,0.85,6542.36,97.06
2026-06-16 16:43:34,64000,6643.36,-0.21,6643.32,-24.35
2026-06-16 16:43:34,65000,6643.36,-0.21,6643.32,-24.35
2026-06-16 16:43:34,66000,6408.93,0.0,6408.93,0.00
2026-06-16 16:43:34,67000,6408.93,0.0,6408.93,0.00
2026-06-16 16:43:35,68000,6737.57,0.47,6737.34,55.27
2026-06-16 16:43:35,69000,6604.68,-0.58,6604.34,-66.86
2026-06-16 16:43:35,70000,6604.68,-0.58,6604.34,-66.86
2026-06-16 16:43:35,71000,6724.99,-1.66,6722.17,-194.81
2026-06-16 16:43:35,72000,6533.74,0.08,6533.73,9.12
2026-06-16 16:43:35,73000,6600.5,0.68,6600.04,78.33
2026-06-16 16:43:35,74000,6600.5,0.68,6600.04,78.33
2026-06-16 16:43:35,75000,6729.45,-0.4,6729.29,-46.98
2026-06-16 16:43:35,76000,6608.06,-1.52,6605.73,-175.28
2026-06-16 16:43:35,77000,6406.22,0.15,6406.20,16.77
2026-06-16 16:43:35,78000,6525.6,1.34,6523.82,152.60
2026-06-16 16:43:35,79000,6514.72,-1.02,6513.69,-115.97
2026-06-16 16:43:35,80000,6514.72,-1.02,6513.69,-115.97
2026-06-16 16:43:35,81000,6514.72,-1.02,6513.69,-115.97
2026-06-16 16:43:35,82000,6404.73,-2.21,6399.97,-246.98
2026-06-16 16:43:35,83000,6500.63,0.11,6500.62,12.48
2026-06-16 16:43:35,84000,6500.63,0.11,6500.62,12.48
2026-06-16 16:43:35,85000,6396.4,-1.11,6395.20,-123.91
2026-06-16 16:43:35,86000,6396.4,-1.11,6395.20,-123.91
2026-06-16 16:43:35,87000,6542.95,-2.06,6538.72,-235.19
2026-06-16 16:43:35,88000,6608.25,-1.38,6606.33,-159.15
2026-06-16 16:43:35,89000,6608.25,-1.38,6606.33,-159.15
2026-06-16 16:43:35,90000,6371.35,0.09,6371.34,10.01
2026-06-16 16:43:35,91000,6269.21,-1.29,6267.62,-141.14
2026-06-16 16:43:35,92000,6570.77,-0.15,6570.75,-17.20
2026-06-16 16:43:35,93000,6570.77,-0.15,6570.75,-17.20
2026-06-16 16:43:35,94000,6476.83,-1.5,6474.61,-169.54
2026-06-16 16:43:35,95000,6476.83,-1.5,6474.61,-169.54
2026-06-16 16:43:35,96000,6627.63,0.67,6627.18,77.50
2026-06-16 16:43:35,97000,6795.26,-2.0,6791.12,-237.15
2026-06-16 16:43:35,98000,6556.51,-0.83,6555.82,-94.98
2026-06-16 16:43:35,99000,6556.51,-0.83,6555.82,-94.98
2026-06-16 16:43:35,100000,6475.88,-2.2,6471.11,-248.59
2026-06-16 16:43:45,1000,4763.81,7.16,4726.66,593.76
2026-06-16 16:43:46,2000,6425.46,-0.28,6425.38,-31.40
2026-06-16 16:43:46,3000,6425.55,0.25,6425.49,28.04
2026-06-16 16:43:46,4000,6429.48,-1.31,6427.80,-146.99
2026-06-16 16:43:46,5000,6420.67,1.03,6419.63,115.42
2026-06-16 16:43:46,6000,6429.54,-0.56,6429.23,-62.84
2026-06-16 16:43:46,7000,6429.54,-0.56,6429.23,-62.84
2026-06-16 16:43:46,8000,6422.97,0.28,6422.89,31.39
2026-06-16 16:43:46,9000,6422.97,0.28,6422.89,31.39
2026-06-16 16:43:46,10000,6439.83,-1.18,6438.46,-132.62
2026-06-16 16:43:46,11000,6439.83,-1.18,6438.46,-132.62
2026-06-16 16:43:46,12000,6410.31,1.1,6409.13,123.06
2026-06-16 16:43:46,13000,6431.95,-0.39,6431.80,-43.78
2026-06-16 16:43:46,14000,6258.56,-0.62,6258.19,-67.72
2026-06-16 16:43:46,15000,6284.78,-2.11,6280.52,-231.39
2026-06-16 16:43:46,16000,6248.4,0.03,6248.40,3.27
2026-06-16 16:43:46,17000,6248.4,0.03,6248.40,3.27
2026-06-16 16:43:46,18000,6584.3,-1.06,6583.17,-121.81
2026-06-16 16:43:46,19000,6530.96,1.23,6529.46,140.19
2026-06-16 16:43:46,20000,6573.94,-0.5,6573.69,-57.37
2026-06-16 16:43:46,21000,6573.94,-0.5,6573.69,-57.37
2026-06-16 16:43:46,22000,6573.94,-0.5,6573.69,-57.37
2026-06-16 16:43:46,23000,6554.84,0.2,6554.80,22.88
2026-06-16 16:43:46,24000,6554.84,0.2,6554.80,22.88
2026-06-16 16:43:46,25000,6599.87,-1.23,6598.35,-141.67
2026-06-16 16:43:46,26000,6443.5,-1.63,6440.89,-183.29
2026-06-16 16:43:46,27000,6369.41,0.68,6368.96,75.59
2026-06-16 16:43:46,28000,6420.75,-0.8,6420.12,-89.65
2026-06-16 16:43:46,29000,6420.75,-0.8,6420.12,-89.65
2026-06-16 16:43:46,30000,6480.85,-2.37,6475.31,-268.00
2026-06-16 16:43:46,31000,6387.82,0.11,6387.81,12.26
2026-06-16 16:43:46,32000,6629.94,0.89,6629.14,102.98
2026-06-16 16:43:46,33000,6523.81,-1.08,6522.65,-122.96
2026-06-16 16:43:46,34000,6523.81,-1.08,6522.65,-122.96
2026-06-16 16:43:46,35000,6492.96,-0.34,6492.85,-38.53
2026-06-16 16:43:46,36000,6492.96,-0.34,6492.85,-38.53
2026-06-16 16:43:46,37000,6492.96,-0.34,6492.85,-38.53
2026-06-16 16:43:46,38000,6565.38,-1.78,6562.21,-203.93
2026-06-16 16:43:46,39000,6300.89,-0.4,6300.74,-43.99
2026-06-16 16:43:46,40000,6300.89,-0.4,6300.74,-43.99
2026-06-16 16:43:46,41000,6581.23,-0.33,6581.12,-37.90
2026-06-16 16:43:47,42000,6581.23,-0.33,6581.12,-37.90
2026-06-16 16:43:47,43000,6460.53,1.78,6457.41,200.68
2026-06-16 16:43:47,44000,6540.37,0.38,6540.23,43.38
2026-06-16 16:43:47,45000,6386.83,-0.34,6386.72,-37.90
2026-06-16 16:43:47,46000,6473.82,-1.75,6470.80,-197.70
2026-06-16 16:43:47,47000,6339.2,0.44,6339.01,48.68
2026-06-16 16:43:47,48000,6339.2,0.44,6339.01,48.68
2026-06-16 16:43:47,49000,6594.61,-0.02,6594.61,-2.30
2026-06-16 16:43:47,50000,6594.61,-0.02,6594.61,-2.30
2026-06-16 16:43:47,51000,6594.61,-0.02,6594.61,-2.30
2026-06-16 16:43:47,52000,6553.69,0.53,6553.41,60.62
2026-06-16 16:43:47,53000,6553.69,0.53,6553.41,60.62
2026-06-16 16:43:47,54000,6411.43,-0.28,6411.35,-31.33
2026-06-16 16:43:47,55000,6507.18,-1.54,6504.83,-174.88
2026-06-16 16:43:47,56000,6746.61,-0.15,6746.59,-17.66
2026-06-16 16:43:47,57000,6581.02,1.84,6577.63,211.31
2026-06-16 16:43:47,58000,6532.24,-0.3,6532.15,-34.20
2026-06-16 16:43:47,59000,6532.24,-0.3,6532.15,-34.20
2026-06-16 16:43:47,60000,6532.24,-0.3,6532.15,-34.20
2026-06-16 16:43:47,61000,6475.99,0.35,6475.87,39.56
2026-06-16 16:43:47,62000,6543.08,0.85,6542.36,97.06
2026-06-16 16:43:47,63000,6543.08,0.85,6542.36,97.06
2026-06-16 16:43:47,64000,6643.36,-0.21,6643.32,-24.35
2026-06-16 16:43:47,65000,6643.36,-0.21,6643.32,-24.35
2026-06-16 16:43:47,66000,6408.93,0.0,6408.93,0.00
2026-06-16 16:43:47,67000,6408.93,0.0,6408.93,0.00
2026-06-16 16:43:47,68000,6737.57,0.47,6737.34,55.27
2026-06-16 16:43:47,69000,6604.68,-0.58,6604.34,-66.86
2026-06-16 16:43:47,70000,6604.68,-0.58,6604.34,-66.86
2026-06-16 16:43:47,71000,6724.99,-1.66,6722.17,-194.81
2026-06-16 16:43:47,72000,6533.74,0.08,6533.73,9.12
2026-06-16 16:43:47,73000,6600.5,0.68,6600.04,78.33
2026-06-16 16:43:47,74000,6600.5,0.68,6600.04,78.33
2026-06-16 16:43:47,75000,6729.45,-0.4,6729.29,-46.98
2026-06-16 16:43:47,76000,6608.06,-1.52,6605.73,-175.28
2026-06-16 16:43:47,77000,6406.22,0.15,6406.20,16.77
2026-06-16 16:43:47,78000,6525.6,1.34,6523.82,152.60
2026-06-16 16:43:47,79000,6514.72,-1.02,6513.69,-115.97
2026-06-16 16:43:47,80000,6514.72,-1.02,6513.69,-115.97
2026-06-16 16:43:47,81000,6514.72,-1.02,6513.69,-115.97
2026-06-16 16:43:47,82000,6404.73,-2.21,6399.97,-246.98
2026-06-16 16:43:47,83000,6500.63,0.11,6500.62,12.48
2026-06-16 16:43:47,84000,6500.63,0.11,6500.62,12.48
2026-06-16 16:43:47,85000,6396.4,-1.11,6395.20,-123.91
2026-06-16 16:43:47,86000,6396.4,-1.11,6395.20,-123.91
2026-06-16 16:43:47,87000,6542.95,-2.06,6538.72,-235.19
2026-06-16 16:43:47,88000,6608.25,-1.38,6606.33,-159.15
2026-06-16 16:43:47,89000,6608.25,-1.38,6606.33,-159.15
2026-06-16 16:43:47,90000,6371.35,0.09,6371.34,10.01
2026-06-16 16:43:47,91000,6269.21,-1.29,6267.62,-141.14
2026-06-16 16:43:47,92000,6570.77,-0.15,6570.75,-17.20
2026-06-16 16:43:47,93000,6570.77,-0.15,6570.75,-17.20
2026-06-16 16:43:47,94000,6476.83,-1.5,6474.61,-169.54
2026-06-16 16:43:48,95000,6476.83,-1.5,6474.61,-169.54
2026-06-16 16:43:48,96000,6627.63,0.67,6627.18,77.50
2026-06-16 16:43:48,97000,6795.26,-2.0,6791.12,-237.15
2026-06-16 16:43:48,98000,6556.51,-0.83,6555.82,-94.98
2026-06-16 16:43:48,99000,6556.51,-0.83,6555.82,-94.98
2026-06-16 16:43:48,100000,6475.88,-2.2,6471.11,-248.59
2026-06-16 16:43:58,1000,4763.81,7.16,4726.66,593.76
2026-06-16 16:43:58,2000,6425.46,-0.28,6425.38,-31.40
2026-06-16 16:43:58,3000,6425.55,0.25,6425.49,28.04
2026-06-16 16:43:58,4000,6429.48,-1.31,6427.80,-146.99
2026-06-16 16:43:58,5000,6420.67,1.03,6419.63,115.42
2026-06-16 16:43:58,6000,6429.54,-0.56,6429.23,-62.84
2026-06-16 16:43:58,7000,6429.54,-0.56,6429.23,-62.84
2026-06-16 16:43:58,8000,6422.97,0.28,6422.89,31.39
2026-06-16 16:43:58,9000,6422.97,0.28,6422.89,31.39
2026-06-16 16:43:58,10000,6439.83,-1.18,6438.46,-132.62
2026-06-16 16:43:58,11000,6439.83,-1.18,6438.46,-132.62
2026-06-16 16:43:58,12000,6410.31,1.1,6409.13,123.06
2026-06-16 16:43:58,13000,6431.95,-0.39,6431.80,-43.78
2026-06-16 16:43:58,14000,6258.56,-0.62,6258.19,-67.72
2026-06-16 16:43:58,15000,6284.78,-2.11,6280.52,-231.39
2026-06-16 16:43:58,16000,6248.4,0.03,6248.40,3.27
2026-06-16 16:43:58,17000,6248.4,0.03,6248.40,3.27
2026-06-16 16:43:58,18000,6584.3,-1.06,6583.17,-121.81
2026-06-16 16:43:59,19000,6530.96,1.23,6529.46,140.19
2026-06-16 16:43:59,20000,6573.94,-0.5,6573.69,-57.37
2026-06-16 16:43:59,21000,6573.94,-0.5,6573.69,-57.37
2026-06-16 16:43:59,22000,6573.94,-0.5,6573.69,-57.37
2026-06-16 16:43:59,23000,6554.84,0.2,6554.80,22.88
2026-06-16 16:43:59,24000,6554.84,0.2,6554.80,22.88
2026-06-16 16:43:59,25000,6599.87,-1.23,6598.35,-141.67
2026-06-16 16:43:59,26000,6443.5,-1.63,6440.89,-183.29
2026-06-16 16:43:59,27000,6369.41,0.68,6368.96,75.59
2026-06-16 16:43:59,28000,6420.75,-0.8,6420.12,-89.65
2026-06-16 16:43:59,29000,6420.75,-0.8,6420.12,-89.65
2026-06-16 16:43:59,30000,6480.85,-2.37,6475.31,-268.00
2026-06-16 16:43:59,31000,6387.82,0.11,6387.81,12.26
2026-06-16 16:43:59,32000,6629.94,0.89,6629.14,102.98
2026-06-16 16:43:59,33000,6523.81,-1.08,6522.65,-122.96
2026-06-16 16:43:59,34000,6523.81,-1.08,6522.65,-122.96
2026-06-16 16:43:59,35000,6492.96,-0.34,6492.85,-38.53
2026-06-16 16:43:59,36000,6492.96,-0.34,6492.85,-38.53
2026-06-16 16:43:59,37000,6492.96,-0.34,6492.85,-38.53
2026-06-16 16:43:59,38000,6565.38,-1.78,6562.21,-203.93
2026-06-16 16:43:59,39000,6300.89,-0.4,6300.74,-43.99
2026-06-16 16:43:59,40000,6300.89,-0.4,6300.74,-43.99
2026-06-16 16:43:59,41000,6581.23,-0.33,6581.12,-37.90
2026-06-16 16:43:59,42000,6581.23,-0.33,6581.12,-37.90
2026-06-16 16:43:59,43000,6460.53,1.78,6457.41,200.68
2026-06-16 16:43:59,44000,6540.37,0.38,6540.23,43.38
2026-06-16 16:43:59,45000,6386.83,-0.34,6386.72,-37.90
2026-06-16 16:43:59,46000,6473.82,-1.75,6470.80,-197.70
2026-06-16 16:43:59,47000,6339.2,0.44,6339.01,48.68
2026-06-16 16:43:59,48000,6339.2,0.44,6339.01,48.68
2026-06-16 16:43:59,49000,6594.61,-0.02,6594.61,-2.30
2026-06-16 16:43:59,50000,6594.61,-0.02,6594.61,-2.30
2026-06-16 16:43:59,51000,6594.61,-0.02,6594.61,-2.30
2026-06-16 16:43:59,52000,6553.69,0.53,6553.41,60.62
2026-06-16 16:43:59,53000,6553.69,0.53,6553.41,60.62
2026-06-16 16:43:59,54000,6411.43,-0.28,6411.35,-31.33
2026-06-16 16:43:59,55000,6507.18,-1.54,6504.83,-174.88
2026-06-16 16:43:59,56000,6581.02,1.84,6577.63,211.31
2026-06-16 16:43:59,57000,6581.02,1.84,6577.63,211.31
2026-06-16 16:43:59,58000,6532.24,-0.3,6532.15,-34.20
2026-06-16 16:43:59,59000,6532.24,-0.3,6532.15,-34.20
2026-06-16 16:43:59,60000,6532.24,-0.3,6532.15,-34.20
2026-06-16 16:43:59,61000,6475.99,0.35,6475.87,39.56
2026-06-16 16:43:59,62000,6543.08,0.85,6542.36,97.06
2026-06-16 16:43:59,63000,6543.08,0.85,6542.36,97.06
2026-06-16 16:43:59,64000,6643.36,-0.21,6643.32,-24.35
2026-06-16 16:43:59,65000,6643.36,-0.21,6643.32,-24.35
2026-06-16 16:43:59,66000,6408.93,0.0,6408.93,0.00
2026-06-16 16:43:59,67000,6408.93,0.0,6408.93,0.00
2026-06-16 16:44:00,68000,6737.57,0.47,6737.34,55.27
2026-06-16 16:44:00,69000,6604.68,-0.58,6604.34,-66.86
2026-06-16 16:44:00,70000,6604.68,-0.58,6604.34,-66.86
2026-06-16 16:44:00,71000,6533.74,0.08,6533.73,9.12
2026-06-16 16:44:00,72000,6533.74,0.08,6533.73,9.12
2026-06-16 16:44:00,73000,6600.5,0.68,6600.04,78.33
2026-06-16 16:44:00,74000,6600.5,0.68,6600.04,78.33
2026-06-16 16:44:00,75000,6729.45,-0.4,6729.29,-46.98
2026-06-16 16:44:00,76000,6608.06,-1.52,6605.73,-175.28
2026-06-16 16:44:00,77000,6406.22,0.15,6406.20,16.77
2026-06-16 16:44:00,78000,6525.6,1.34,6523.82,152.60
2026-06-16 16:44:00,79000,6514.72,-1.02,6513.69,-115.97
2026-06-16 16:44:00,80000,6514.72,-1.02,6513.69,-115.97
2026-06-16 16:44:00,81000,6514.72,-1.02,6513.69,-115.97
2026-06-16 16:44:00,82000,6404.73,-2.21,6399.97,-246.98
2026-06-16 16:44:00,83000,6500.63,0.11,6500.62,12.48
2026-06-16 16:44:00,84000,6500.63,0.11,6500.62,12.48
2026-06-16 16:44:00,85000,6396.4,-1.11,6395.20,-123.91
2026-06-16 16:44:00,86000,6396.4,-1.11,6395.20,-123.91
2026-06-16 16:44:00,87000,6542.95,-2.06,6538.72,-235.19
2026-06-16 16:44:00,88000,6608.25,-1.38,6606.33,-159.15
2026-06-16 16:44:00,89000,6608.25,-1.38,6606.33,-159.15
2026-06-16 16:44:00,90000,6371.35,0.09,6371.34,10.01
2026-06-16 16:44:00,91000,6269.21,-1.29,6267.62,-141.14
2026-06-16 16:44:00,92000,6570.77,-0.15,6570.75,-17.20
2026-06-16 16:44:00,93000,6570.77,-0.15,6570.75,-17.20
2026-06-16 16:44:00,94000,6476.83,-1.5,6474.61,-169.54
2026-06-16 16:44:00,95000,6476.83,-1.5,6474.61,-169.54
2026-06-16 16:44:00,96000,6627.63,0.67,6627.18,77.50
2026-06-16 16:44:00,97000,6795.26,-2.0,6791.12,-237.15
2026-06-16 16:44:00,98000,6556.51,-0.83,6555.82,-94.98
2026-06-16 16:44:00,99000,6556.51,-0.83,6555.82,-94.98
2026-06-16 16:44:00,100000,6475.88,-2.2,6471.11,-248.59
2026-06-16 16:44:10,1000,4763.81,7.16,4726.66,593.76
2026-06-16 16:44:11,2000,6425.46,-0.28,6425.38,-31.40
2026-06-16 16:44:11,3000,6425.55,0.25,6425.49,28.04
2026-06-16 16:44:11,4000,6429.48,-1.31,6427.80,-146.99
2026-06-16 16:44:11,5000,6420.67,1.03,6419.63,115.42
2026-06-16 16:44:11,6000,6429.54,-0.56,6429.23,-62.84
2026-06-16 16:44:11,7000,6429.54,-0.56,6429.23,-62.84
2026-06-16 16:44:11,8000,6422.97,0.28,6422.89,31.39
2026-06-16 16:44:11,9000,6422.97,0.28,6422.89,31.39
2026-06-16 16:44:11,10000,6439.83,-1.18,6438.46,-132.62
2026-06-16 16:44:11,11000,6439.83,-1.18,6438.46,-132.62
2026-06-16 16:44:11,12000,6410.31,1.1,6409.13,123.06
2026-06-16 16:44:11,13000,6431.95,-0.39,6431.80,-43.78
2026-06-16 16:44:11,14000,6258.56,-0.62,6258.19,-67.72
2026-06-16 16:44:11,15000,6248.4,0.03,6248.40,3.27
2026-06-16 16:44:11,16000,6248.4,0.03,6248.40,3.27
2026-06-16 16:44:11,17000,6248.4,0.03,6248.40,3.27
2026-06-16 16:44:11,18000,6280.8,-1.54,6278.53,-168.80
2026-06-16 16:44:11,19000,6530.96,1.23,6529.46,140.19
2026-06-16 16:44:11,20000,6573.94,-0.5,6573.69,-57.37
2026-06-16 16:44:11,21000,6573.94,-0.5,6573.69,-57.37
2026-06-16 16:44:11,22000,6573.94,-0.5,6573.69,-57.37
2026-06-16 16:44:11,23000,6554.84,0.2,6554.80,22.88
2026-06-16 16:44:11,24000,6554.84,0.2,6554.80,22.88
2026-06-16 16:44:11,25000,6599.87,-1.23,6598.35,-141.67
2026-06-16 16:44:11,26000,6443.5,-1.63,6440.89,-183.29
2026-06-16 16:44:11,27000,6369.41,0.68,6368.96,75.59
2026-06-16 16:44:11,28000,6420.75,-0.8,6420.12,-89.65
2026-06-16 16:44:11,29000,6420.75,-0.8,6420.12,-89.65
2026-06-16 16:44:11,30000,6480.85,-2.37,6475.31,-268.00
2026-06-16 16:44:11,31000,6387.82,0.11,6387.81,12.26
2026-06-16 16:44:11,32000,6629.94,0.89,6629.14,102.98
2026-06-16 16:44:11,33000,6523.81,-1.08,6522.65,-122.96
2026-06-16 16:44:11,34000,6523.81,-1.08,6522.65,-122.96
2026-06-16 16:44:11,35000,6492.96,-0.34,6492.85,-38.53
2026-06-16 16:44:11,36000,6492.96,-0.34,6492.85,-38.53
2026-06-16 16:44:11,37000,6492.96,-0.34,6492.85,-38.53
2026-06-16 16:44:11,38000,6565.38,-1.78,6562.21,-203.93
2026-06-16 16:44:11,39000,6300.89,-0.4,6300.74,-43.99
2026-06-16 16:44:11,40000,6300.89,-0.4,6300.74,-43.99
2026-06-16 16:44:11,41000,6581.23,-0.33,6581.12,-37.90
2026-06-16 16:44:12,42000,6581.23,-0.33,6581.12,-37.90
2026-06-16 16:44:12,43000,6460.53,1.78,6457.41,200.68
2026-06-16 16:44:12,44000,6540.37,0.38,6540.23,43.38
2026-06-16 16:44:12,45000,6386.83,-0.34,6386.72,-37.90
2026-06-16 16:44:12,46000,6473.82,-1.75,6470.80,-197.70
2026-06-16 16:44:12,47000,6339.2,0.44,6339.01,48.68
2026-06-16 16:44:12,48000,6339.2,0.44,6339.01,48.68
2026-06-16 16:44:12,49000,6594.61,-0.02,6594.61,-2.30
2026-06-16 16:44:12,50000,6594.61,-0.02,6594.61,-2.30
2026-06-16 16:44:12,51000,6594.61,-0.02,6594.61,-2.30
2026-06-16 16:44:12,52000,6553.69,0.53,6553.41,60.62
2026-06-16 16:44:12,53000,6553.69,0.53,6553.41,60.62
2026-06-16 16:44:12,54000,6411.43,-0.28,6411.35,-31.33
2026-06-16 16:44:12,55000,6507.18,-1.54,6504.83,-174.88
2026-06-16 16:44:12,56000,6746.61,-0.15,6746.59,-17.66
2026-06-16 16:44:12,57000,6581.02,1.84,6577.63,211.31
2026-06-16 16:44:12,58000,6532.24,-0.3,6532.15,-34.20
2026-06-16 16:44:12,59000,6532.24,-0.3,6532.15,-34.20
2026-06-16 16:44:12,60000,6532.24,-0.3,6532.15,-34.20
2026-06-16 16:44:12,61000,6475.99,0.35,6475.87,39.56
2026-06-16 16:44:12,62000,6543.08,0.85,6542.36,97.06
2026-06-16 16:44:12,63000,6543.08,0.85,6542.36,97.06
2026-06-16 16:44:12,64000,6643.36,-0.21,6643.32,-24.35
2026-06-16 16:44:12,65000,6643.36,-0.21,6643.32,-24.35
2026-06-16 16:44:12,66000,6408.93,0.0,6408.93,0.00
2026-06-16 16:44:12,67000,6408.93,0.0,6408.93,0.00
2026-06-16 16:44:12,68000,6737.57,0.47,6737.34,55.27
2026-06-16 16:44:12,69000,6604.68,-0.58,6604.34,-66.86
2026-06-16 16:44:12,70000,6604.68,-0.58,6604.34,-66.86
2026-06-16 16:44:12,71000,6724.99,-1.66,6722.17,-194.81
2026-06-16 16:44:12,72000,6533.74,0.08,6533.73,9.12
2026-06-16 16:44:12,73000,6600.5,0.68,6600.04,78.33
2026-06-16 16:44:12,74000,6600.5,0.68,6600.04,78.33
2026-06-16 16:44:12,75000,6729.45,-0.4,6729.29,-46.98
2026-06-16 16:44:12,76000,6608.06,-1.52,6605.73,-175.28
2026-06-16 16:44:12,77000,6406.22,0.15,6406.20,16.77
2026-06-16 16:44:12,78000,6525.6,1.34,6523.82,152.60
2026-06-16 16:44:12,79000,6514.72,-1.02,6513.69,-115.97
2026-06-16 16:44:12,80000,6514.72,-1.02,6513.69,-115.97
2026-06-16 16:44:12,81000,6514.72,-1.02,6513.69,-115.97
2026-06-16 16:44:12,82000,6404.73,-2.21,6399.97,-246.98
2026-06-16 16:44:12,83000,6500.63,0.11,6500.62,12.48
2026-06-16 16:44:12,84000,6500.63,0.11,6500.62,12.48
2026-06-16 16:44:12,85000,6396.4,-1.11,6395.20,-123.91
2026-06-16 16:44:12,86000,6396.4,-1.11,6395.20,-123.91
2026-06-16 16:44:12,87000,6542.95,-2.06,6538.72,-235.19
2026-06-16 16:44:12,88000,6608.25,-1.38,6606.33,-159.15
2026-06-16 16:44:12,89000,6608.25,-1.38,6606.33,-159.15
2026-06-16 16:44:12,90000,6371.35,0.09,6371.34,10.01
2026-06-16 16:44:12,91000,6269.21,-1.29,6267.62,-141.14
2026-06-16 16:44:12,92000,6570.77,-0.15,6570.75,-17.20
2026-06-16 16:44:12,93000,6570.77,-0.15,6570.75,-17.20
2026-06-16 16:44:13,94000,6476.83,-1.5,6474.61,-169.54
2026-06-16 16:44:13,95000,6476.83,-1.5,6474.61,-169.54
2026-06-16 16:44:13,96000,6627.63,0.67,6627.18,77.50
2026-06-16 16:44:13,97000,6795.26,-2.0,6791.12,-237.15
2026-06-16 16:44:13,98000,6556.51,-0.83,6555.82,-94.98
2026-06-16 16:44:13,99000,6556.51,-0.83,6555.82,-94.98
2026-06-16 16:44:13,100000,6475.88,-2.2,6471.11,-248.59
2026-06-16 16:44:23,1000,4763.81,7.16,4726.66,593.76
2026-06-16 16:44:23,2000,6425.46,-0.28,6425.38,-31.40
2026-06-16 16:44:23,3000,6425.55,0.25,6425.49,28.04
2026-06-16 16:44:23,4000,6429.48,-1.31,6427.80,-146.99
2026-06-16 16:44:23,5000,6420.67,1.03,6419.63,115.42
2026-06-16 16:44:23,6000,6429.54,-0.56,6429.23,-62.84
2026-06-16 16:44:23,7000,6429.54,-0.56,6429.23,-62.84
2026-06-16 16:44:23,8000,6422.97,0.28,6422.89,31.39
2026-06-16 16:44:23,9000,6422.97,0.28,6422.89,31.39
2026-06-16 16:44:23,10000,6439.83,-1.18,6438.46,-132.62
2026-06-16 16:44:23,11000,6439.83,-1.18,6438.46,-132.62
2026-06-16 16:44:23,12000,6410.31,1.1,6409.13,123.06
2026-06-16 16:44:23,13000,6431.95,-0.39,6431.80,-43.78
2026-06-16 16:44:23,14000,6258.56,-0.62,6258.19,-67.72
2026-06-16 16:44:23,15000,6248.4,0.03,6248.40,3.27
2026-06-16 16:44:23,16000,6248.4,0.03,6248.40,3.27
2026-06-16 16:44:23,17000,6248.4,0.03,6248.40,3.27
2026-06-16 16:44:23,18000,6584.3,-1.06,6583.17,-121.81
2026-06-16 16:44:24,19000,6530.96,1.23,6529.46,140.19
2026-06-16 16:44:24,20000,6573.94,-0.5,6573.69,-57.37
2026-06-16 16:44:24,21000,6573.94,-0.5,6573.69,-57.37
2026-06-16 16:44:24,22000,6573.94,-0.5,6573.69,-57.37
2026-06-16 16:44:24,23000,6554.84,0.2,6554.80,22.88
2026-06-16 16:44:24,24000,6554.84,0.2,6554.80,22.88
2026-06-16 16:44:24,25000,6599.87,-1.23,6598.35,-141.67
2026-06-16 16:44:24,26000,6443.5,-1.63,6440.89,-183.29
2026-06-16 16:44:24,27000,6369.41,0.68,6368.96,75.59
2026-06-16 16:44:24,28000,6420.75,-0.8,6420.12,-89.65
2026-06-16 16:44:24,29000,6420.75,-0.8,6420.12,-89.65
2026-06-16 16:44:24,30000,6480.85,-2.37,6475.31,-268.00
2026-06-16 16:44:24,31000,6387.82,0.11,6387.81,12.26
2026-06-16 16:44:24,32000,6629.94,0.89,6629.14,102.98
2026-06-16 16:44:24,33000,6523.81,-1.08,6522.65,-122.96
2026-06-16 16:44:24,34000,6523.81,-1.08,6522.65,-122.96
2026-06-16 16:44:24,35000,6492.96,-0.34,6492.85,-38.53
2026-06-16 16:44:24,36000,6492.96,-0.34,6492.85,-38.53
2026-06-16 16:44:24,37000,6492.96,-0.34,6492.85,-38.53
2026-06-16 16:44:24,38000,6565.38,-1.78,6562.21,-203.93
2026-06-16 16:44:24,39000,6300.89,-0.4,6300.74,-43.99
2026-06-16 16:44:24,40000,6300.89,-0.4,6300.74,-43.99
2026-06-16 16:44:24,41000,6581.23,-0.33,6581.12,-37.90
2026-06-16 16:44:24,42000,6581.23,-0.33,6581.12,-37.90
2026-06-16 16:44:24,43000,6460.53,1.78,6457.41,200.68
2026-06-16 16:44:24,44000,6540.37,0.38,6540.23,43.38
2026-06-16 16:44:24,45000,6386.83,-0.34,6386.72,-37.90
2026-06-16 16:44:24,46000,6473.82,-1.75,6470.80,-197.70
2026-06-16 16:44:24,47000,6339.2,0.44,6339.01,48.68
2026-06-16 16:44:24,48000,6339.2,0.44,6339.01,48.68
2026-06-16 16:44:24,49000,6594.61,-0.02,6594.61,-2.30
2026-06-16 16:44:24,50000,6594.61,-0.02,6594.61,-2.30
2026-06-16 16:44:24,51000,6594.61,-0.02,6594.61,-2.30
2026-06-16 16:44:24,52000,6553.69,0.53,6553.41,60.62
2026-06-16 16:44:24,53000,6553.69,0.53,6553.41,60.62
2026-06-16 16:44:24,54000,6411.43,-0.28,6411.35,-31.33
2026-06-16 16:44:24,55000,6507.18,-1.54,6504.83,-174.88
2026-06-16 16:44:24,56000,6746.61,-0.15,6746.59,-17.66
2026-06-16 16:44:24,57000,6581.02,1.84,6577.63,211.31
2026-06-16 16:44:24,58000,6532.24,-0.3,6532.15,-34.20
2026-06-16 16:44:24,59000,6532.24,-0.3,6532.15,-34.20
2026-06-16 16:44:24,60000,6532.24,-0.3,6532.15,-34.20
2026-06-16 16:44:24,61000,6475.99,0.35,6475.87,39.56
2026-06-16 16:44:24,62000,6543.08,0.85,6542.36,97.06
2026-06-16 16:44:24,63000,6543.08,0.85,6542.36,97.06
2026-06-16 16:44:24,64000,6643.36,-0.21,6643.32,-24.35
2026-06-16 16:44:24,65000,6643.36,-0.21,6643.32,-24.35
2026-06-16 16:44:24,66000,6408.93,0.0,6408.93,0.00
2026-06-16 16:44:24,67000,6408.93,0.0,6408.93,0.00
2026-06-16 16:44:25,68000,6737.57,0.47,6737.34,55.27
2026-06-16 16:44:25,69000,6604.68,-0.58,6604.34,-66.86
2026-06-16 16:44:25,70000,6604.68,-0.58,6604.34,-66.86
2026-06-16 16:44:25,71000,6724.99,-1.66,6722.17,-194.81
2026-06-16 16:44:25,72000,6533.74,0.08,6533.73,9.12
2026-06-16 16:44:25,73000,6600.5,0.68,6600.04,78.33
2026-06-16 16:44:25,74000,6600.5,0.68,6600.04,78.33
2026-06-16 16:44:25,75000,6729.45,-0.4,6729.29,-46.98
2026-06-16 16:44:25,76000,6608.06,-1.52,6605.73,-175.28
2026-06-16 16:44:25,77000,6406.22,0.15,6406.20,16.77
2026-06-16 16:44:25,78000,6525.6,1.34,6523.82,152.60
2026-06-16 16:44:25,79000,6514.72,-1.02,6513.69,-115.97
2026-06-16 16:44:25,80000,6514.72,-1.02,6513.69,-115.97
2026-06-16 16:44:25,81000,6514.72,-1.02,6513.69,-115.97
2026-06-16 16:44:25,82000,6404.73,-2.21,6399.97,-246.98
2026-06-16 16:44:25,83000,6500.63,0.11,6500.62,12.48
2026-06-16 16:44:25,84000,6500.63,0.11,6500.62,12.48
2026-06-16 16:44:25,85000,6396.4,-1.11,6395.20,-123.91
2026-06-16 16:44:25,86000,6396.4,-1.11,6395.20,-123.91
2026-06-16 16:44:25,87000,6542.95,-2.06,6538.72,-235.19
2026-06-16 16:44:25,88000,6608.25,-1.38,6606.33,-159.15
2026-06-16 16:44:25,89000,6608.25,-1.38,6606.33,-159.15
2026-06-16 16:44:25,90000,6371.35,0.09,6371.34,10.01
2026-06-16 16:44:25,91000,6269.21,-1.29,6267.62,-141.14
2026-06-16 16:44:25,92000,6570.77,-0.15,6570.75,-17.20
2026-06-16 16:44:25,93000,6570.77,-0.15,6570.75,-17.20
2026-06-16 16:44:25,94000,6476.83,-1.5,6474.61,-169.54
2026-06-16 16:44:25,95000,6476.83,-1.5,6474.61,-169.54
2026-06-16 16:44:25,96000,6627.63,0.67,6627.18,77.50
2026-06-16 16:44:25,97000,6795.26,-2.0,6791.12,-237.15
2026-06-16 16:44:25,98000,6556.51,-0.83,6555.82,-94.98
2026-06-16 16:44:25,99000,6556.51,-0.83,6555.82,-94.98
2026-06-16 16:44:25,100000,6475.88,-2.2,6471.11,-248.59
2026-06-16 16:44:35,1000,4763.81,7.16,4726.66,593.76
2026-06-16 16:44:36,2000,6425.46,-0.28,6425.38,-31.40
2026-06-16 16:44:36,3000,6425.55,0.25,6425.49,28.04
2026-06-16 16:44:36,4000,6429.48,-1.31,6427.80,-146.99
2026-06-16 16:44:36,5000,6420.67,1.03,6419.63,115.42
2026-06-16 16:44:36,6000,6429.54,-0.56,6429.23,-62.84
2026-06-16 16:44:36,7000,6429.54,-0.56,6429.23,-62.84
2026-06-16 16:44:36,8000,6422.97,0.28,6422.89,31.39
2026-06-16 16:44:36,9000,6422.97,0.28,6422.89,31.39
2026-06-16 16:44:36,10000,6439.83,-1.18,6438.46,-132.62
2026-06-16 16:44:36,11000,6439.83,-1.18,6438.46,-132.62
2026-06-16 16:44:36,12000,6410.31,1.1,6409.13,123.06
2026-06-16 16:44:36,13000,6431.95,-0.39,6431.80,-43.78
2026-06-16 16:44:36,14000,6258.56,-0.62,6258.19,-67.72
2026-06-16 16:44:36,15000,6284.78,-2.11,6280.52,-231.39
2026-06-16 16:44:36,16000,6248.4,0.03,6248.40,3.27
2026-06-16 16:44:36,17000,6248.4,0.03,6248.40,3.27
2026-06-16 16:44:36,18000,6584.3,-1.06,6583.17,-121.81
2026-06-16 16:44:36,19000,6530.96,1.23,6529.46,140.19
2026-06-16 16:44:36,20000,6573.94,-0.5,6573.69,-57.37
2026-06-16 16:44:36,21000,6573.94,-0.5,6573.69,-57.37
2026-06-16 16:44:36,22000,6573.94,-0.5,6573.69,-57.37
2026-06-16 16:44:36,23000,6554.84,0.2,6554.80,22.88
2026-06-16 16:44:36,24000,6554.84,0.2,6554.80,22.88
2026-06-16 16:44:36,25000,6599.87,-1.23,6598.35,-141.67
2026-06-16 16:44:36,26000,6443.5,-1.63,6440.89,-183.29
2026-06-16 16:44:36,27000,6369.41,0.68,6368.96,75.59
2026-06-16 16:44:36,28000,6420.75,-0.8,6420.12,-89.65
2026-06-16 16:44:36,29000,6420.75,-0.8,6420.12,-89.65
2026-06-16 16:44:36,30000,6480.85,-2.37,6475.31,-268.00
2026-06-16 16:44:36,31000,6387.82,0.11,6387.81,12.26
2026-06-16 16:44:36,32000,6629.94,0.89,6629.14,102.98
2026-06-16 16:44:36,33000,6523.81,-1.08,6522.65,-122.96
2026-06-16 16:44:36,34000,6523.81,-1.08,6522.65,-122.96
2026-06-16 16:44:36,35000,6492.96,-0.34,6492.85,-38.53
2026-06-16 16:44:36,36000,6492.96,-0.34,6492.85,-38.53
2026-06-16 16:44:36,37000,6492.96,-0.34,6492.85,-38.53
2026-06-16 16:44:36,38000,6565.38,-1.78,6562.21,-203.93
2026-06-16 16:44:36,39000,6300.89,-0.4,6300.74,-43.99
2026-06-16 16:44:36,40000,6300.89,-0.4,6300.74,-43.99
2026-06-16 16:44:36,41000,6581.23,-0.33,6581.12,-37.90
2026-06-16 16:44:37,42000,6581.23,-0.33,6581.12,-37.90
2026-06-16 16:44:37,43000,6460.53,1.78,6457.41,200.68
2026-06-16 16:44:37,44000,6540.37,0.38,6540.23,43.38
2026-06-16 16:44:37,45000,6386.83,-0.34,6386.72,-37.90
2026-06-16 16:44:37,46000,6473.82,-1.75,6470.80,-197.70
2026-06-16 16:44:37,47000,6339.2,0.44,6339.01,48.68
2026-06-16 16:44:37,48000,6339.2,0.44,6339.01,48.68
2026-06-16 16:44:37,49000,6594.61,-0.02,6594.61,-2.30
2026-06-16 16:44:37,50000,6594.61,-0.02,6594.61,-2.30
2026-06-16 16:44:37,51000,6594.61,-0.02,6594.61,-2.30
2026-06-16 16:44:37,52000,6553.69,0.53,6553.41,60.62
2026-06-16 16:44:37,53000,6553.69,0.53,6553.41,60.62
2026-06-16 16:44:37,54000,6411.43,-0.28,6411.35,-31.33
2026-06-16 16:44:37,55000,6507.18,-1.54,6504.83,-174.88
2026-06-16 16:44:37,56000,6581.02,1.84,6577.63,211.31
2026-06-16 16:44:37,57000,6581.02,1.84,6577.63,211.31
2026-06-16 16:44:37,58000,6532.24,-0.3,6532.15,-34.20
2026-06-16 16:44:37,59000,6532.24,-0.3,6532.15,-34.20
2026-06-16 16:44:37,60000,6532.24,-0.3,6532.15,-34.20
2026-06-16 16:44:37,61000,6475.99,0.35,6475.87,39.56
2026-06-16 16:44:37,62000,6543.08,0.85,6542.36,97.06
2026-06-16 16:44:37,63000,6543.08,0.85,6542.36,97.06
2026-06-16 16:44:37,64000,6643.36,-0.21,6643.32,-24.35
2026-06-16 16:44:37,65000,6643.36,-0.21,6643.32,-24.35
2026-06-16 16:44:37,66000,6408.93,0.0,6408.93,0.00
2026-06-16 16:44:37,67000,6408.93,0.0,6408.93,0.00
2026-06-16 16:44:37,68000,6737.57,0.47,6737.34,55.27
2026-06-16 16:44:37,69000,6604.68,-0.58,6604.34,-66.86
2026-06-16 16:44:37,70000,6604.68,-0.58,6604.34,-66.86
2026-06-16 16:44:37,71000,6533.74,0.08,6533.73,9.12
2026-06-16 16:44:37,72000,6533.74,0.08,6533.73,9.12
2026-06-16 16:44:37,73000,6600.5,0.68,6600.04,78.33
2026-06-16 16:44:37,74000,6600.5,0.68,6600.04,78.33
2026-06-16 16:44:37,75000,6729.45,-0.4,6729.29,-46.98
2026-06-16 16:44:37,76000,6608.06,-1.52,6605.73,-175.28
2026-06-16 16:44:37,77000,6406.22,0.15,6406.20,16.77
2026-06-16 16:44:37,78000,6525.6,1.34,6523.82,152.60
2026-06-16 16:44:37,79000,6514.72,-1.02,6513.69,-115.97
2026-06-16 16:44:37,80000,6514.72,-1.02,6513.69,-115.97
2026-06-16 16:44:37,81000,6514.72,-1.02,6513.69,-115.97
2026-06-16 16:44:37,82000,6404.73,-2.21,6399.97,-246.98
2026-06-16 16:44:37,83000,6500.63,0.11,6500.62,12.48
2026-06-16 16:44:37,84000,6500.63,0.11,6500.62,12.48
2026-06-16 16:44:37,85000,6396.4,-1.11,6395.20,-123.91
2026-06-16 16:44:37,86000,6396.4,-1.11,6395.20,-123.91
2026-06-16 16:44:37,87000,6542.95,-2.06,6538.72,-235.19
2026-06-16 16:44:37,88000,6608.25,-1.38,6606.33,-159.15
2026-06-16 16:44:37,89000,6608.25,-1.38,6606.33,-159.15
2026-06-16 16:44:37,90000,6371.35,0.09,6371.34,10.01
2026-06-16 16:44:37,91000,6269.21,-1.29,6267.62,-141.14
2026-06-16 16:44:37,92000,6570.77,-0.15,6570.75,-17.20
2026-06-16 16:44:37,93000,6570.77,-0.15,6570.75,-17.20
2026-06-16 16:44:38,94000,6476.83,-1.5,6474.61,-169.54
2026-06-16 16:44:38,95000,6476.83,-1.5,6474.61,-169.54
2026-06-16 16:44:38,96000,6627.63,0.67,6627.18,77.50
2026-06-16 16:44:38,97000,6795.26,-2.0,6791.12,-237.15
2026-06-16 16:44:38,98000,6556.51,-0.83,6555.82,-94.98
2026-06-16 16:44:38,99000,6556.51,-0.83,6555.82,-94.98
2026-06-16 16:44:38,100000,6475.88,-2.2,6471.11,-248.59
2026-06-16 16:44:48,1000,4763.81,7.16,4726.66,593.76
2026-06-16 16:44:48,2000,6425.46,-0.28,6425.38,-31.40
2026-06-16 16:44:48,3000,6425.55,0.25,6425.49,28.04
2026-06-16 16:44:48,4000,6429.48,-1.31,6427.80,-146.99
2026-06-16 16:44:48,5000,6420.67,1.03,6419.63,115.42
2026-06-16 16:44:48,6000,6429.54,-0.56,6429.23,-62.84
2026-06-16 16:44:48,7000,6429.54,-0.56,6429.23,-62.84
2026-06-16 16:44:48,8000,6422.97,0.28,6422.89,31.39
2026-06-16 16:44:48,9000,6422.97,0.28,6422.89,31.39
2026-06-16 16:44:48,10000,6439.83,-1.18,6438.46,-132.62
2026-06-16 16:44:48,11000,6439.83,-1.18,6438.46,-132.62
2026-06-16 16:44:48,12000,6410.31,1.1,6409.13,123.06
2026-06-16 16:44:48,13000,6431.95,-0.39,6431.80,-43.78
2026-06-16 16:44:48,14000,6258.56,-0.62,6258.19,-67.72
2026-06-16 16:44:48,15000,6248.4,0.03,6248.40,3.27
2026-06-16 16:44:48,16000,6248.4,0.03,6248.40,3.27
2026-06-16 16:44:48,17000,6248.4,0.03,6248.40,3.27
2026-06-16 16:44:49,18000,6280.8,-1.54,6278.53,-168.80
2026-06-16 16:44:49,19000,6530.96,1.23,6529.46,140.19
2026-06-16 16:44:49,20000,6573.94,-0.5,6573.69,-57.37
2026-06-16 16:44:49,21000,6573.94,-0.5,6573.69,-57.37
2026-06-16 16:44:49,22000,6573.94,-0.5,6573.69,-57.37
2026-06-16 16:44:49,23000,6554.84,0.2,6554.80,22.88
2026-06-16 16:44:49,24000,6554.84,0.2,6554.80,22.88
2026-06-16 16:44:49,25000,6599.87,-1.23,6598.35,-141.67
2026-06-16 16:44:49,26000,6443.5,-1.63,6440.89,-183.29
2026-06-16 16:44:49,27000,6369.41,0.68,6368.96,75.59
2026-06-16 16:44:49,28000,6420.75,-0.8,6420.12,-89.65
2026-06-16 16:44:49,29000,6420.75,-0.8,6420.12,-89.65
2026-06-16 16:44:49,30000,6480.85,-2.37,6475.31,-268.00
2026-06-16 16:44:49,31000,6387.82,0.11,6387.81,12.26
2026-06-16 16:44:49,32000,6629.94,0.89,6629.14,102.98
2026-06-16 16:44:49,33000,6523.81,-1.08,6522.65,-122.96
2026-06-16 16:44:49,34000,6523.81,-1.08,6522.65,-122.96
2026-06-16 16:44:49,35000,6492.96,-0.34,6492.85,-38.53
2026-06-16 16:44:49,36000,6492.96,-0.34,6492.85,-38.53
2026-06-16 16:44:49,37000,6492.96,-0.34,6492.85,-38.53
2026-06-16 16:44:49,38000,6565.38,-1.78,6562.21,-203.93
2026-06-16 16:44:49,39000,6300.89,-0.4,6300.74,-43.99
2026-06-16 16:44:49,40000,6300.89,-0.4,6300.74,-43.99
2026-06-16 16:44:49,41000,6581.23,-0.33,6581.12,-37.90
2026-06-16 16:44:49,42000,6581.23,-0.33,6581.12,-37.90
2026-06-16 16:44:49,43000,6460.53,1.78,6457.41,200.68
2026-06-16 16:44:49,44000,6540.37,0.38,6540.23,43.38
2026-06-16 16:44:49,45000,6386.83,-0.34,6386.72,-37.90
2026-06-16 16:44:49,46000,6473.82,-1.75,6470.80,-197.70
2026-06-16 16:44:49,47000,6339.2,0.44,6339.01,48.68
2026-06-16 16:44:49,48000,6339.2,0.44,6339.01,48.68
2026-06-16 16:44:49,49000,6594.61,-0.02,6594.61,-2.30
2026-06-16 16:44:49,50000,6594.61,-0.02,6594.61,-2.30
2026-06-16 16:44:49,51000,6594.61,-0.02,6594.61,-2.30
2026-06-16 16:44:49,52000,6553.69,0.53,6553.41,60.62
2026-06-16 16:44:49,53000,6553.69,0.53,6553.41,60.62
2026-06-16 16:44:49,54000,6411.43,-0.28,6411.35,-31.33
2026-06-16 16:44:49,55000,6507.18,-1.54,6504.83,-174.88
2026-06-16 16:44:49,56000,6581.02,1.84,6577.63,211.31
2026-06-16 16:44:49,57000,6581.02,1.84,6577.63,211.31
2026-06-16 16:44:49,58000,6532.24,-0.3,6532.15,-34.20
2026-06-16 16:44:49,59000,6532.24,-0.3,6532.15,-34.20
2026-06-16 16:44:49,60000,6532.24,-0.3,6532.15,-34.20
2026-06-16 16:44:49,61000,6475.99,0.35,6475.87,39.56
2026-06-16 16:44:49,62000,6543.08,0.85,6542.36,97.06
2026-06-16 16:44:49,63000,6543.08,0.85,6542.36,97.06
2026-06-16 16:44:49,64000,6643.36,-0.21,6643.32,-24.35
2026-06-16 16:44:49,65000,6643.36,-0.21,6643.32,-24.35
2026-06-16 16:44:49,66000,6408.93,0.0,6408.93,0.00
2026-06-16 16:44:49,67000,6408.93,0.0,6408.93,0.00
2026-06-16 16:44:50,68000,6737.57,0.47,6737.34,55.27
2026-06-16 16:44:50,69000,6604.68,-0.58,6604.34,-66.86
2026-06-16 16:44:50,70000,6604.68,-0.58,6604.34,-66.86
2026-06-16 16:44:50,71000,6724.99,-1.66,6722.17,-194.81
2026-06-16 16:44:50,72000,6533.74,0.08,6533.73,9.12
2026-06-16 16:44:50,73000,6600.5,0.68,6600.04,78.33
2026-06-16 16:44:50,74000,6600.5,0.68,6600.04,78.33
2026-06-16 16:44:50,75000,6729.45,-0.4,6729.29,-46.98
2026-06-16 16:44:50,76000,6608.06,-1.52,6605.73,-175.28
2026-06-16 16:44:50,77000,6406.22,0.15,6406.20,16.77
2026-06-16 16:44:50,78000,6525.6,1.34,6523.82,152.60
2026-06-16 16:44:50,79000,6514.72,-1.02,6513.69,-115.97
2026-06-16 16:44:50,80000,6514.72,-1.02,6513.69,-115.97
2026-06-16 16:44:50,81000,6514.72,-1.02,6513.69,-115.97
2026-06-16 16:44:50,82000,6404.73,-2.21,6399.97,-246.98
2026-06-16 16:44:50,83000,6500.63,0.11,6500.62,12.48
2026-06-16 16:44:50,84000,6500.63,0.11,6500.62,12.48
2026-06-16 16:44:50,85000,6396.4,-1.11,6395.20,-123.91
2026-06-16 16:44:50,86000,6396.4,-1.11,6395.20,-123.91
2026-06-16 16:44:50,87000,6542.95,-2.06,6538.72,-235.19
2026-06-16 16:44:50,88000,6608.25,-1.38,6606.33,-159.15
2026-06-16 16:44:50,89000,6608.25,-1.38,6606.33,-159.15
2026-06-16 16:44:50,90000,6371.35,0.09,6371.34,10.01
2026-06-16 16:44:50,91000,6269.21,-1.29,6267.62,-141.14
2026-06-16 16:44:50,92000,6570.77,-0.15,6570.75,-17.20
2026-06-16 16:44:50,93000,6570.77,-0.15,6570.75,-17.20
2026-06-16 16:44:50,94000,6476.83,-1.5,6474.61,-169.54
2026-06-16 16:44:50,95000,6476.83,-1.5,6474.61,-169.54
2026-06-16 16:44:50,96000,6627.63,0.67,6627.18,77.50
2026-06-16 16:44:50,97000,6795.26,-2.0,6791.12,-237.15
2026-06-16 16:44:50,98000,6556.51,-0.83,6555.82,-94.98
2026-06-16 16:44:50,99000,6556.51,-0.83,6555.82,-94.98
2026-06-16 16:44:50,100000,6475.88,-2.2,6471.11,-248.59
