frequencia,Z_real,Z_imag,fase
1000,2160.0,0.0,0.0
1200,2192.1936388562726,-12.626268573666692,-0.33
1400,2221.1274892557576,12.01757348280657,0.31
1600,2219.2269975512277,125.62826807595451,3.24
1800,1971.3802780099143,-32.00139174399979,-0.93
2000,2120.2235562919473,-185.12264973451497,-4.99
2200,2029.2311572707574,-254.1928764965334,-7.14
2400,1964.3023606847025,-440.87377412191853,-12.65
2600,2082.818935802005,-339.58177669687325,-9.26
2800,2160.0,0.0,0.0
3000,1957.7385476888128,-156.82811926850783,-4.58
3200,1980.9479283325063,-190.74359054802295,-5.5
3400,1971.0503501590345,-208.90496700161884,-6.05
3600,1936.5150429484474,-144.2477827710838,-4.26
3800,1943.5258073106043,-169.69467498323064,-4.99
4000,1943.3787007449369,-282.12282429984396,-8.26
4200,1971.923971473358,-120.95349366074116,-3.51
4400,1966.1459026799168,-306.4840966102073,-8.86
4600,1793.5342411900513,-115.3539911699066,-3.68
4800,1971.923971473358,-120.95349366074116,-3.51
5000,1810.6534924521063,-106.62126603539429,-3.37
5200,1810.6534924521063,-106.62126603539429,-3.37
5400,1805.7730270860293,-276.9672304597772,-8.72
5600,1810.6534924521063,-106.62126603539429,-3.37
5800,1810.6534924521063,-106.62126603539429,-3.37
6000,1810.6534924521063,-106.62126603539429,-3.37
6200,1810.6534924521063,-106.62126603539429,-3.37
6400,1805.7730270860293,-276.9672304597772,-8.72
6600,1810.6534924521063,-106.62126603539429,-3.37
6800,1810.6534924521063,-106.62126603539429,-3.37
7000,1677.5376205372797,-95.25748937548943,-3.25
7200,1677.5376205372797,-95.25748937548943,-3.25
7400,1673.3416365925211,-253.06912918383068,-8.6
7600,1673.3416365925211,-253.06912918383068,-8.6
7800,1673.3416365925211,-253.06912918383068,-8.6
8000,1673.3416365925211,-253.06912918383068,-8.6
8200,1673.3416365925211,-253.06912918383068,-8.6
8400,1673.3416365925211,-253.06912918383068,-8.6
8600,1673.3416365925211,-253.06912918383068,-8.6
8800,1673.3416365925211,-253.06912918383068,-8.6
9000,1557.3845373111708,-232.47479980434645,-8.49
9200,1557.3845373111708,-232.47479980434645,-8.49
9400,1557.3845373111708,-232.47479980434645,-8.49
9600,1557.3845373111708,-232.47479980434645,-8.49
9800,1557.3845373111708,-232.47479980434645,-8.49
10000,1557.3845373111708,-232.47479980434645,-8.49
10200,1557.3845373111708,-232.47479980434645,-8.49
10400,1566.5949085236125,-159.9576824910072,-5.83
10600,1566.5949085236125,-159.9576824910072,-5.83
10800,1566.5949085236125,-159.9576824910072,-5.83
11000,1566.5949085236125,-159.9576824910072,-5.83
11200,1566.5949085236125,-159.9576824910072,-5.83
11400,1566.5949085236125,-159.9576824910072,-5.83
11600,1566.5949085236125,-159.9576824910072,-5.83
11800,1470.2801810090664,-151.93867655059736,-5.9
12000,1470.2801810090664,-151.93867655059736,-5.9
12200,1470.2801810090664,-151.93867655059736,-5.9
12400,1470.2801810090664,-151.93867655059736,-5.9
12600,1470.2801810090664,-151.93867655059736,-5.9
12800,1470.2801810090664,-151.93867655059736,-5.9
13000,1470.2801810090664,-151.93867655059736,-5.9
13200,1470.2801810090664,-151.93867655059736,-5.9
13400,1470.2801810090664,-151.93867655059736,-5.9
13600,1473.15732762322,-291.96020990883807,-11.21
13800,1473.15732762322,-291.96020990883807,-11.21
14000,1473.15732762322,-291.96020990883807,-11.21
14200,1483.764782442879,-197.185817142704,-7.57
14400,1483.764782442879,-197.185817142704,-7.57
14600,1483.764782442879,-197.185817142704,-7.57
14800,1483.764782442879,-197.185817142704,-7.57
15000,1483.764782442879,-197.185817142704,-7.57
15200,1483.764782442879,-197.185817142704,-7.57
15400,1483.764782442879,-197.185817142704,-7.57
15600,1483.764782442879,-197.185817142704,-7.57
15800,1483.764782442879,-197.185817142704,-7.57
16000,1483.764782442879,-197.185817142704,-7.57
16200,1483.764782442879,-197.185817142704,-7.57
16400,1483.764782442879,-197.185817142704,-7.57
16600,1483.764782442879,-197.185817142704,-7.57
16800,1483.764782442879,-197.185817142704,-7.57
17000,1483.764782442879,-197.185817142704,-7.57
17200,1483.764782442879,-197.185817142704,-7.57
17400,1422.2467761717844,-105.4415960091955,-4.24
17600,1482.2395793804822,-101.0489570355459,-3.9
17800,1422.2467761717844,-105.4415960091955,-4.24
18000,1422.2467761717844,-105.4415960091955,-4.24
18200,1422.2467761717844,-105.4415960091955,-4.24
18400,1422.2467761717844,-105.4415960091955,-4.24
18600,1422.2467761717844,-105.4415960091955,-4.24
18800,1422.2467761717844,-105.4415960091955,-4.24
19000,1422.2467761717844,-105.4415960091955,-4.24
19200,1422.2467761717844,-105.4415960091955,-4.24
19400,1422.2467761717844,-105.4415960091955,-4.24
19600,1422.2467761717844,-105.4415960091955,-4.24
19800,1422.2467761717844,-105.4415960091955,-4.24
20000,1422.2467761717844,-105.4415960091955,-4.24
20200,1422.2467761717844,-105.4415960091955,-4.24
20400,1422.2467761717844,-105.4415960091955,-4.24
20600,1422.2467761717844,-105.4415960091955,-4.24
20800,1411.6096810208162,-21.928904402860926,-0.89
21000,1437.0427157459037,-146.98314434532057,-5.84
21200,1437.0427157459037,-146.98314434532057,-5.84
21400,1437.0427157459037,-146.98314434532057,-5.84
21600,1437.0427157459037,-146.98314434532057,-5.84
21800,1437.0427157459037,-146.98314434532057,-5.84
22000,1437.0427157459037,-146.98314434532057,-5.84
22200,1437.0427157459037,-146.98314434532057,-5.84
22400,1437.0427157459037,-146.98314434532057,-5.84
22600,1437.0427157459037,-146.98314434532057,-5.84
22800,1314.8956646470183,-171.94208092400137,-7.45
23000,1314.8956646470183,-171.94208092400137,-7.45
23200,1314.8956646470183,-171.94208092400137,-7.45
23400,1314.8956646470183,-171.94208092400137,-7.45
23600,1314.8956646470183,-171.94208092400137,-7.45
23800,1314.8956646470183,-171.94208092400137,-7.45
24000,1314.8956646470183,-171.94208092400137,-7.45
24200,1305.7097787682558,-98.63517896244095,-4.32
24400,1305.7097787682558,-98.63517896244095,-4.32
24600,1305.7097787682558,-98.63517896244095,-4.32
24800,1305.7097787682558,-98.63517896244095,-4.32
25000,1305.7097787682558,-98.63517896244095,-4.32
25200,1305.7097787682558,-98.63517896244095,-4.32
25400,1305.7097787682558,-98.63517896244095,-4.32
25600,1305.7097787682558,-98.63517896244095,-4.32
25800,1305.7097787682558,-98.63517896244095,-4.32
26000,1305.7097787682558,-98.63517896244095,-4.32
26200,1305.7097787682558,-98.63517896244095,-4.32
26400,1305.7097787682558,-98.63517896244095,-4.32
26600,1305.7097787682558,-98.63517896244095,-4.32
26800,1305.7097787682558,-98.63517896244095,-4.32
27000,1305.7097787682558,-98.63517896244095,-4.32
27200,1305.7097787682558,-98.63517896244095,-4.32
27400,1305.7097787682558,-98.63517896244095,-4.32
27600,1338.3030349945045,-11.212003589808248,-0.48
27800,1288.5120381406373,-26.76549395510377,-1.19
28000,1288.5120381406373,-26.76549395510377,-1.19
28200,1377.1669155651318,-127.75591208559038,-5.3
28400,1377.1669155651318,-127.75591208559038,-5.3
28600,1377.1669155651318,-127.75591208559038,-5.3
28800,1377.1669155651318,-127.75591208559038,-5.3
29000,1377.1669155651318,-127.75591208559038,-5.3
29200,1377.1669155651318,-127.75591208559038,-5.3
29400,1377.1669155651318,-127.75591208559038,-5.3
29600,1377.1669155651318,-127.75591208559038,-5.3
29800,1377.1669155651318,-127.75591208559038,-5.3
30000,1377.1669155651318,-127.75591208559038,-5.3
30200,1377.1669155651318,-127.75591208559038,-5.3
30400,1377.1669155651318,-127.75591208559038,-5.3
30600,1377.1669155651318,-127.75591208559038,-5.3
30800,1377.1669155651318,-127.75591208559038,-5.3
31000,1377.1669155651318,-127.75591208559038,-5.3
31200,1377.1669155651318,-127.75591208559038,-5.3
31400,1377.1669155651318,-127.75591208559038,-5.3
31600,1355.2520592267563,-52.53730923483829,-2.22
31800,1355.2520592267563,-52.53730923483829,-2.22
32000,1355.2520592267563,-52.53730923483829,-2.22
32200,1355.2520592267563,-52.53730923483829,-2.22
32400,1355.2520592267563,-52.53730923483829,-2.22
32600,1355.2520592267563,-52.53730923483829,-2.22
32800,1355.2520592267563,-52.53730923483829,-2.22
33000,1355.2520592267563,-52.53730923483829,-2.22
33200,1355.2520592267563,-52.53730923483829,-2.22
33400,1355.2520592267563,-52.53730923483829,-2.22
33600,1355.2520592267563,-52.53730923483829,-2.22
33800,1355.2520592267563,-52.53730923483829,-2.22
34000,1355.2520592267563,-52.53730923483829,-2.22
34200,1355.2520592267563,-52.53730923483829,-2.22
34400,1355.2520592267563,-52.53730923483829,-2.22
34600,1355.2520592267563,-52.53730923483829,-2.22
34800,1355.2520592267563,-52.53730923483829,-2.22
35000,1355.2520592267563,-52.53730923483829,-2.22
35200,1238.6911452545128,-98.35728121528811,-4.54
35400,1213.4876533708891,-29.65699945059803,-1.4
35600,1213.4876533708891,-29.65699945059803,-1.4
35800,1213.4876533708891,-29.65699945059803,-1.4
36000,1213.4876533708891,-29.65699945059803,-1.4
36200,1264.20989963309,-140.0167606741893,-6.32
36400,1264.20989963309,-140.0167606741893,-6.32
36600,1264.20989963309,-140.0167606741893,-6.32
36800,1264.20989963309,-140.0167606741893,-6.32
37000,1264.20989963309,-140.0167606741893,-6.32
37200,1264.20989963309,-140.0167606741893,-6.32
37400,1264.20989963309,-140.0167606741893,-6.32
37600,1334.5047253072537,-114.8766805431437,-4.92
37800,1334.5047253072537,-114.8766805431437,-4.92
38000,1334.5047253072537,-114.8766805431437,-4.92
38200,1334.5047253072537,-114.8766805431437,-4.92
38400,1334.5047253072537,-114.8766805431437,-4.92
38600,1334.5047253072537,-114.8766805431437,-4.92
38800,1334.5047253072537,-114.8766805431437,-4.92
39000,1334.5047253072537,-114.8766805431437,-4.92
39200,1334.5047253072537,-114.8766805431437,-4.92
39400,1334.5047253072537,-114.8766805431437,-4.92
39600,1334.5047253072537,-114.8766805431437,-4.92
39800,1297.4311622348341,-33.7478319595081,-1.49
40000,1297.4311622348341,-33.7478319595081,-1.49
40200,1297.4311622348341,-33.7478319595081,-1.49
40400,1297.4311622348341,-33.7478319595081,-1.49
40600,1297.4311622348341,-33.7478319595081,-1.49
40800,1297.4311622348341,-33.7478319595081,-1.49
41000,1297.4311622348341,-33.7478319595081,-1.49
41200,1297.4311622348341,-33.7478319595081,-1.49
41400,1297.4311622348341,-33.7478319595081,-1.49
41600,1297.4311622348341,-33.7478319595081,-1.49
41800,1297.4311622348341,-33.7478319595081,-1.49
42000,1297.4311622348341,-33.7478319595081,-1.49
42200,1297.4311622348341,-33.7478319595081,-1.49
42400,1297.4311622348341,-33.7478319595081,-1.49
42600,1297.4311622348341,-33.7478319595081,-1.49
42800,1297.4311622348341,-33.7478319595081,-1.49
43000,1297.4311622348341,-33.7478319595081,-1.49
43200,1297.4311622348341,-33.7478319595081,-1.49
43400,1297.4311622348341,-33.7478319595081,-1.49
43600,1297.4311622348341,-33.7478319595081,-1.49
43800,1297.4311622348341,-33.7478319595081,-1.49
44000,1297.4311622348341,-33.7478319595081,-1.49
44200,1369.3999560304615,7.409239081752316,0.31
44400,1322.423345621908,75.55574997417052,3.27
44600,1322.423345621908,75.55574997417052,3.27
44800,1223.7416500642314,8.329873832917905,0.39
45000,1223.7416500642314,8.329873832917905,0.39
45200,1223.7416500642314,8.329873832917905,0.39
45400,1293.8292110934617,-94.55882254591731,-4.18
45600,1322.423345621908,75.55574997417052,3.27
45800,1293.8292110934617,-94.55882254591731,-4.18
46000,1293.8292110934617,-94.55882254591731,-4.18
46200,1293.8292110934617,-94.55882254591731,-4.18
46400,1293.8292110934617,-94.55882254591731,-4.18
46600,1293.8292110934617,-94.55882254591731,-4.18
46800,1293.8292110934617,-94.55882254591731,-4.18
47000,1293.8292110934617,-94.55882254591731,-4.18
47200,1293.8292110934617,-94.55882254591731,-4.18
47400,1293.8292110934617,-94.55882254591731,-4.18
47600,1293.8292110934617,-94.55882254591731,-4.18
47800,1293.8292110934617,-94.55882254591731,-4.18
48000,1293.8292110934617,-94.55882254591731,-4.18
48200,1293.8292110934617,-94.55882254591731,-4.18
48400,1293.8292110934617,-94.55882254591731,-4.18
48600,1293.8292110934617,-94.55882254591731,-4.18
48800,1293.8292110934617,-94.55882254591731,-4.18
49000,1293.8292110934617,-94.55882254591731,-4.18
49200,1293.8292110934617,-94.55882254591731,-4.18
49400,1293.8292110934617,-94.55882254591731,-4.18
49600,1293.8292110934617,-94.55882254591731,-4.18
49800,1254.7166406406102,-33.73248581918952,-1.54
50000,1316.2402116218204,13.554387103267459,0.59
50200,1316.2402116218204,13.554387103267459,0.59
50400,1316.2402116218204,13.554387103267459,0.59
50600,1316.2402116218204,13.554387103267459,0.59
50800,1316.2402116218204,13.554387103267459,0.59
51000,1316.2402116218204,13.554387103267459,0.59
51200,1316.2402116218204,13.554387103267459,0.59
51400,1316.2402116218204,13.554387103267459,0.59
51600,1316.2402116218204,13.554387103267459,0.59
51800,1316.2402116218204,13.554387103267459,0.59
52000,1316.2402116218204,13.554387103267459,0.59
52200,1316.2402116218204,13.554387103267459,0.59
52400,1316.2402116218204,13.554387103267459,0.59
52600,1316.2402116218204,13.554387103267459,0.59
52800,1316.2402116218204,13.554387103267459,0.59
53000,1316.2402116218204,13.554387103267459,0.59
53200,1217.349611975347,-66.78169377510922,-3.14
53400,1217.349611975347,-66.78169377510922,-3.14
53600,1217.349611975347,-66.78169377510922,-3.14
53800,1217.349611975347,-66.78169377510922,-3.14
54000,1217.349611975347,-66.78169377510922,-3.14
54200,1217.349611975347,-66.78169377510922,-3.14
54400,1217.349611975347,-66.78169377510922,-3.14
54600,1217.349611975347,-66.78169377510922,-3.14
54800,1217.349611975347,-66.78169377510922,-3.14
55000,1217.349611975347,-66.78169377510922,-3.14
55200,1217.349611975347,-66.78169377510922,-3.14
55400,1281.3788197263063,-16.103128789718696,-0.72
55600,1281.3788197263063,-16.103128789718696,-0.72
55800,1227.8716587474964,40.51815944328427,1.89
56000,1227.8716587474964,40.51815944328427,1.89
56200,1227.8716587474964,40.51815944328427,1.89
56400,1227.8716587474964,40.51815944328427,1.89
56600,1227.8716587474964,40.51815944328427,1.89
56800,1227.8716587474964,40.51815944328427,1.89
57000,1227.8716587474964,40.51815944328427,1.89
57200,1227.8716587474964,40.51815944328427,1.89
57400,1227.8716587474964,40.51815944328427,1.89
57600,1227.8716587474964,40.51815944328427,1.89
57800,1322.1104590292744,-56.79985057552118,-2.46
58000,1322.1104590292744,-56.79985057552118,-2.46
58200,1322.1104590292744,-56.79985057552118,-2.46
58400,1322.1104590292744,-56.79985057552118,-2.46
58600,1322.1104590292744,-56.79985057552118,-2.46
58800,1322.1104590292744,-56.79985057552118,-2.46
59000,1322.1104590292744,-56.79985057552118,-2.46
59200,1322.1104590292744,-56.79985057552118,-2.46
59400,1322.1104590292744,-56.79985057552118,-2.46
59600,1322.1104590292744,-56.79985057552118,-2.46
59800,1322.1104590292744,-56.79985057552118,-2.46
60000,1322.1104590292744,-56.79985057552118,-2.46
60200,1322.1104590292744,-56.79985057552118,-2.46
60400,1382.927893677693,2.413666957051748,0.1
60600,1382.927893677693,2.413666957051748,0.1
60800,1382.927893677693,2.413666957051748,0.1
61000,1290.8507978424811,-95.24719055924835,-4.22
61200,1382.927893677693,2.413666957051748,0.1
61400,1290.8507978424811,-95.24719055924835,-4.22
61600,1290.8507978424811,-95.24719055924835,-4.22
61800,1290.8507978424811,-95.24719055924835,-4.22
62000,1290.8507978424811,-95.24719055924835,-4.22
62200,1290.8507978424811,-95.24719055924835,-4.22
62400,1290.8507978424811,-95.24719055924835,-4.22
62600,1290.8507978424811,-95.24719055924835,-4.22
62800,1290.8507978424811,-95.24719055924835,-4.22
63000,1290.8507978424811,-95.24719055924835,-4.22
63200,1231.1693062968654,-35.464935252942745,-1.65
63400,1231.1693062968654,-35.464935252942745,-1.65
63600,1231.1693062968654,-35.464935252942745,-1.65
63800,1231.1693062968654,-35.464935252942745,-1.65
64000,1231.1693062968654,-35.464935252942745,-1.65
64200,1231.1693062968654,-35.464935252942745,-1.65
64400,1231.1693062968654,-35.464935252942745,-1.65
64600,1231.1693062968654,-35.464935252942745,-1.65
64800,1231.1693062968654,-35.464935252942745,-1.65
65000,1231.1693062968654,-35.464935252942745,-1.65
65200,1231.1693062968654,-35.464935252942745,-1.65
65400,1279.5511702441574,22.558041289243455,1.01
65600,1231.1693062968654,-35.464935252942745,-1.65
65800,1279.5511702441574,22.558041289243455,1.01
66000,1279.5511702441574,22.558041289243455,1.01
66200,1279.5511702441574,22.558041289243455,1.01
66400,1279.5511702441574,22.558041289243455,1.01
66600,1279.5511702441574,22.558041289243455,1.01
66800,1279.5511702441574,22.558041289243455,1.01
67000,1279.5511702441574,22.558041289243455,1.01
67200,1279.5511702441574,22.558041289243455,1.01
67400,1279.5511702441574,22.558041289243455,1.01
67600,1279.5511702441574,22.558041289243455,1.01
67800,1279.5511702441574,22.558041289243455,1.01
68000,1279.5511702441574,22.558041289243455,1.01
68200,1279.5511702441574,22.558041289243455,1.01
68400,1279.5511702441574,22.558041289243455,1.01
68600,1279.5511702441574,22.558041289243455,1.01
68800,1279.5511702441574,22.558041289243455,1.01
69000,1193.7318186504522,-86.61490657781476,-4.15
69200,1193.7318186504522,-86.61490657781476,-4.15
69400,1193.7318186504522,-86.61490657781476,-4.15
69600,1193.7318186504522,-86.61490657781476,-4.15
69800,1193.7318186504522,-86.61490657781476,-4.15
70000,1193.7318186504522,-86.61490657781476,-4.15
70200,1242.9035454060818,-26.686193377701617,-1.23
70400,1242.9035454060818,-26.686193377701617,-1.23
70600,1242.9035454060818,-26.686193377701617,-1.23
70800,1242.9035454060818,-26.686193377701617,-1.23
71000,1242.9035454060818,-26.686193377701617,-1.23
71200,1242.9035454060818,-26.686193377701617,-1.23
71400,1242.9035454060818,-26.686193377701617,-1.23
71600,1242.9035454060818,-26.686193377701617,-1.23
71800,1242.9035454060818,-26.686193377701617,-1.23
72000,1242.9035454060818,-26.686193377701617,-1.23
72200,1242.9035454060818,-26.686193377701617,-1.23
72400,1242.9035454060818,-26.686193377701617,-1.23
72600,1242.9035454060818,-26.686193377701617,-1.23
72800,1242.9035454060818,-26.686193377701617,-1.23
73000,1180.3477921302915,16.275786099174535,0.79
73200,1180.3477921302915,16.275786099174535,0.79
73400,1180.3477921302915,16.275786099174535,0.79
73600,1180.3477921302915,16.275786099174535,0.79
73800,1180.3477921302915,16.275786099174535,0.79
74000,1180.3477921302915,16.275786099174535,0.79
74200,1180.3477921302915,16.275786099174535,0.79
74400,1180.3477921302915,16.275786099174535,0.79
74600,1180.3477921302915,16.275786099174535,0.79
74800,1214.9540569218957,77.29002308854032,3.64
75000,1180.3477921302915,16.275786099174535,0.79
75200,1214.9540569218957,77.29002308854032,3.64
75400,1214.9540569218957,77.29002308854032,3.64
75600,1214.9540569218957,77.29002308854032,3.64
75800,1214.9540569218957,77.29002308854032,3.64
76000,1214.9540569218957,77.29002308854032,3.64
76200,1214.9540569218957,77.29002308854032,3.64
76400,1214.9540569218957,77.29002308854032,3.64
76600,1214.9540569218957,77.29002308854032,3.64
76800,1214.9540569218957,77.29002308854032,3.64
77000,1150.1012941580123,-33.53149677639314,-1.67
77200,1150.1012941580123,-33.53149677639314,-1.67
77400,1150.1012941580123,-33.53149677639314,-1.67
77600,1150.1012941580123,-33.53149677639314,-1.67
77800,1150.1012941580123,-33.53149677639314,-1.67
78000,1150.1012941580123,-33.53149677639314,-1.67
78200,1150.1012941580123,-33.53149677639314,-1.67
78400,1150.1012941580123,-33.53149677639314,-1.67
78600,1150.1012941580123,-33.53149677639314,-1.67
78800,1150.1012941580123,-33.53149677639314,-1.67
79000,1150.1012941580123,-33.53149677639314,-1.67
79200,1150.1012941580123,-33.53149677639314,-1.67
79400,1150.1012941580123,-33.53149677639314,-1.67
79600,1150.1012941580123,-33.53149677639314,-1.67
79800,1150.1012941580123,-33.53149677639314,-1.67
80000,1185.828067496376,31.25910967718789,1.51
80200,1185.828067496376,31.25910967718789,1.51
80400,1185.828067496376,31.25910967718789,1.51
80600,1185.828067496376,31.25910967718789,1.51
80800,1185.828067496376,31.25910967718789,1.51
81000,1185.828067496376,31.25910967718789,1.51
81200,1185.828067496376,31.25910967718789,1.51
81400,1185.828067496376,31.25910967718789,1.51
81600,1185.828067496376,31.25910967718789,1.51
81800,1185.828067496376,31.25910967718789,1.51
82000,1185.828067496376,31.25910967718789,1.51
82200,1185.828067496376,31.25910967718789,1.51
82400,1185.828067496376,31.25910967718789,1.51
82600,1185.828067496376,31.25910967718789,1.51
82800,1185.828067496376,31.25910967718789,1.51
83000,1185.828067496376,31.25910967718789,1.51
83200,1185.828067496376,31.25910967718789,1.51
83400,1185.828067496376,31.25910967718789,1.51
83600,1185.828067496376,31.25910967718789,1.51
83800,1185.828067496376,31.25910967718789,1.51
84000,1185.828067496376,31.25910967718789,1.51
84200,1185.828067496376,31.25910967718789,1.51
84400,1185.828067496376,31.25910967718789,1.51
84600,1215.5992850864818,103.99990239050354,4.89
84800,1156.0522904480242,-31.079939669780273,-1.54
85000,1156.0522904480242,-31.079939669780273,-1.54
85200,1156.0522904480242,-31.079939669780273,-1.54
85400,1156.0522904480242,-31.079939669780273,-1.54
85600,1156.0522904480242,-31.079939669780273,-1.54
85800,1156.0522904480242,-31.079939669780273,-1.54
86000,1156.0522904480242,-31.079939669780273,-1.54
86200,1156.0522904480242,-31.079939669780273,-1.54
86400,1156.0522904480242,-31.079939669780273,-1.54
86600,1156.0522904480242,-31.079939669780273,-1.54
86800,1156.0522904480242,-31.079939669780273,-1.54
87000,1156.0522904480242,-31.079939669780273,-1.54
87200,1156.0522904480242,-31.079939669780273,-1.54
87400,1156.0522904480242,-31.079939669780273,-1.54
87600,1156.0522904480242,-31.079939669780273,-1.54
87800,1156.0522904480242,-31.079939669780273,-1.54
88000,1156.0522904480242,-31.079939669780273,-1.54
88200,1156.0522904480242,-31.079939669780273,-1.54
88400,1156.0522904480242,-31.079939669780273,-1.54
88600,1156.0522904480242,-31.079939669780273,-1.54
88800,1156.0522904480242,-31.079939669780273,-1.54
89000,1156.0522904480242,-31.079939669780273,-1.54
89200,1156.0522904480242,-31.079939669780273,-1.54
89400,1186.37489750851,45.57592633915805,2.2
89600,1186.37489750851,45.57592633915805,2.2
89800,1186.37489750851,45.57592633915805,2.2
90000,1186.37489750851,45.57592633915805,2.2
90200,1186.37489750851,45.57592633915805,2.2
90400,1186.37489750851,45.57592633915805,2.2
90600,1186.37489750851,45.57592633915805,2.2
90800,1186.37489750851,45.57592633915805,2.2
91000,1186.37489750851,45.57592633915805,2.2
91200,1186.37489750851,45.57592633915805,2.2
91400,1186.37489750851,45.57592633915805,2.2
91600,1186.37489750851,45.57592633915805,2.2
91800,1186.37489750851,45.57592633915805,2.2
92000,1186.37489750851,45.57592633915805,2.2
92200,1186.37489750851,45.57592633915805,2.2
92400,1186.37489750851,45.57592633915805,2.2
92600,1186.37489750851,45.57592633915805,2.2
92800,1186.37489750851,45.57592633915805,2.2
93000,1132.7975036916682,-101.09948382620392,-5.1
93200,1132.7975036916682,-101.09948382620392,-5.1
93400,1132.7975036916682,-101.09948382620392,-5.1
93600,1132.7975036916682,-101.09948382620392,-5.1
93800,1132.7975036916682,-101.09948382620392,-5.1
94000,1132.7975036916682,-101.09948382620392,-5.1
94200,1160.4452384104004,-31.4007253201042,-1.55
94400,1160.4452384104004,-31.4007253201042,-1.55
94600,1084.4394594288453,-8.138779618199308,-0.43
94800,1160.4452384104004,-31.4007253201042,-1.55
95000,1084.4394594288453,-8.138779618199308,-0.43
95200,1160.4452384104004,-31.4007253201042,-1.55
95400,1328.3219677015588,-81.01095124400692,-3.49
95600,1160.4452384104004,-31.4007253201042,-1.55
95800,1160.4452384104004,-31.4007253201042,-1.55
96000,1084.4394594288453,-8.138779618199308,-0.43
96200,1084.4394594288453,-8.138779618199308,-0.43
96400,1084.4394594288453,-8.138779618199308,-0.43
96600,1160.4452384104004,-31.4007253201042,-1.55
96800,1160.4452384104004,-31.4007253201042,-1.55
97000,1160.4452384104004,-31.4007253201042,-1.55
97200,1160.4452384104004,-31.4007253201042,-1.55
97400,1084.4394594288453,-8.138779618199308,-0.43
97600,1084.4394594288453,-8.138779618199308,-0.43
97800,1084.4394594288453,-8.138779618199308,-0.43
98000,1084.4394594288453,-8.138779618199308,-0.43
98200,1160.4452384104004,-31.4007253201042,-1.55
98400,1084.4394594288453,-8.138779618199308,-0.43
98600,1084.4394594288453,-8.138779618199308,-0.43
98800,1160.4452384104004,-31.4007253201042,-1.55
99000,1084.4394594288453,-8.138779618199308,-0.43
99200,1099.8509751972126,63.802212796580974,3.32
99400,1099.8509751972126,63.802212796580974,3.32
99600,1180.9806399800007,50.73670163134389,2.46
99800,1180.9806399800007,50.73670163134389,2.46
100000,1180.9806399800007,50.73670163134389,2.46
