Frequencia_Hz,Z_Real,Z_Imaginario,Fase_Graus,Magnitude_Ohm
1000.0,1981.2506991600126,-135.63835946368152,-3.9164140777474064,1985.8882389198131
1009.2715146305708,1980.908087051281,-136.84813410740236,-3.9519161120499944,1985.6294370183584
1018.6289902446875,1980.559338316431,-138.06781796231138,-3.9877249815223386,1985.3659649921703
1028.0732238308647,1980.204347611005,-139.29746779998956,-4.023842922442896,1985.0977413802616
1037.6050197669117,1979.8430079504997,-140.53714000582536,-4.060272175574481,1984.824683404431
1047.2251898884344,1979.475210691111,-141.78689055309283,-4.097014985787678,1984.546706951825
1056.9345535579885,1979.1008455105014,-143.04677497630885,-4.134073601670817,1984.263726557411
1066.7339377348571,1978.719800388597,-144.31684834385055,-4.171450275126007,1983.9756553863735
1076.6241770454933,1978.3319615884343,-145.59716522982401,-4.209147260951077,1983.6824052164457
1086.6061138545967,1977.937213637066,-146.88777968516456,-4.247166816406881,1983.3838864201748
1096.6805983368686,1977.5354393065404,-148.18874520795956,-4.2855112007698155,1983.080007947138
1106.848488549412,1977.1265195949682,-149.50011471297415,-4.324182674869021,1982.7706773061034
1117.1106505048242,1976.7103337076956,-150.82194050037074,-4.363183500608056,1982.4558005471613
1127.4679582449462,1976.2867590385952,-152.15427422360221,-4.402515940470534,1982.1352822438193
1137.9212939153151,1975.855671151492,-153.49716685647022,-4.44218225700951,1981.8090254750775
1148.471547840289,1975.4169437617456,-154.8506686593282,-4.4821847123200715,1981.4769318074932
1159.1196185988856,1974.9704487180015,-156.21482914441972,-4.522525567494902,1981.1389012772436
1169.866413101307,1974.516055984132,-157.5896970403338,-4.5632070820623145,1980.794832372196
1180.7128466661902,1974.0536336213872,-158.9753202555657,-4.6042315134064555,1980.4446220139964
1191.6598430985587,1973.5830477707755,-160.37174584116582,-4.645601116169182,1980.088165540193
1202.708334768512,1973.1041626356923,-161.7790199524663,-4.687318141633324,1979.7253566863958
1213.8592626906277,1972.6168404648224,-163.197187809866,-4.729384837086784,1979.356087568497
1225.113576604119,1972.1209415353346,-164.62629365866565,-4.7718034451672295,1978.980248664954
1236.472235053715,1971.616324136395,-166.06638072793336,-4.814576203186771,1978.5977287991577
1247.9362054713115,1971.10284455302,-167.51749118839217,-4.857705342436392,1978.20841512189
1259.5064642583577,1970.580357050298,-168.97966610931041,-4.901193087469516,1977.812193093898
1271.1839968690288,1970.0487138579997,-170.4529454143876,-4.945041655364465,1977.408946468585
1282.9697978941476,1969.5077651556105,-171.9373678366167,-4.989253254965202,1976.9985572748485
1294.864871145905,1968.9573590578061,-173.4329708721148,-5.033830086100063,1976.580905800068
1306.8702297433463,1968.3973416004058,-174.93979073290575,-5.078774338777904,1976.1558705732746
1318.9868961986706,1967.8275567268265,-176.45786229864598,-5.124088192361345,1975.723328348501
1331.2159025043077,1967.247846275076,-177.98721906727775,-5.16977381471653,1975.283154088352
1343.5582902208262,1966.6580499653064,-179.52789310460244,-5.215833361339082,1974.8352209477932
1356.0151105656334,1966.0580053879726,-181.07991499275843,-5.262268974455653,1974.3794002581972
1368.587424502519,1965.4475479926155,-182.6433137775973,-5.309082782100768,1973.9155615116485
1381.2763028320094,1964.8265110773177,-184.21811691494415,-5.35627689716835,1973.443572345547
1394.0828262825785,1964.194725778857,-185.8043502157355,-5.403853416437579,1972.9632985275148
1407.008085602685,1963.5520210635982,-187.40203779002348,-5.451814419572558,1972.4746039406425
1420.0531816536832,1962.8982237191626,-189.01120198983978,-5.500161968095342,1971.9773505690903
1433.2192255035739,1962.2331583469106,-190.6318633509095,-5.548898104331852,1971.4713984840694
1446.5073385216472,1961.5566473552776,-192.26404053321045,-5.598024850330255,1970.9566058302332
1459.9186524739787,1960.868510954006,-193.90775026036798,-5.647544206751243,1970.4328288124966
1473.4543096198358,1960.1685671493137,-195.56300725788438,-5.697458151729895,1969.8999216833176
1487.1154628089537,1959.4566317400431,-197.22982419019306,-5.747768639708484,1969.3577367304624
1500.9032755797366,1958.7325183148305,-198.9082115965391,-5.798477600239966,1968.8061242652848
1514.8189222583458,1957.9960382503518,-200.5981778256774,-5.84958693676146,1968.2449326115525
1528.863588058731,1957.2470007106772,-202.29972896939339,-5.901098525337525,1967.6740080948448
1543.0384691835645,1956.4852126477922,-204.0128687948385,-5.953014213372527,1967.0931950325528
1557.3447729261352,1955.7104788033316,-205.7375986756875,-6.0053358182918775,1966.5023357245204
1571.7837177731628,1954.922601711574,-207.47391752211286,-6.058065126191484,1965.9012704443533
1586.3565335085896,1954.1213817037496,-209.22182170958507,-6.111203890455188,1965.289837431428
1601.0644613183179,1953.3066169137119,-210.98130500649847,-6.164753830339608,1964.6678728836423
1615.908753895919,1952.4781032850315,-212.7523585006295,-6.218716629525988,1964.0352109509374
1630.8906755493326,1951.6356345795575,-214.53497052443555,-6.273093934638729,1963.3916837296304
1646.0115023085498,1950.7790023875107,-216.3291265792025,-6.327887353730118,1962.7371212575902
1661.272522034293,1949.9079961391603,-218.13480925804865,-6.383098454730841,1962.0713515103068
1676.6750345276992,1949.0224031181433,-219.95199816779953,-6.438728763865958,1961.3942003978777
1692.2203516410373,1948.1220084764832,-221.7806698497474,-6.49477976403598,1960.7054917629646
1707.9097973894268,1947.2065952513733,-223.62079769930693,-6.551252893162566,1960.0050473797562
1723.7447080636198,1946.2759443837767,-225.47235188458967,-6.608149542498691,1959.2926869539756
1739.7264323438008,1945.3298347389136,-227.33529926391049,-6.665471054902732,1958.5682281239885
1755.8563314144687,1944.3680431286925,-229.209603302254,-6.723218723076395,1957.8314864630402
1772.1357790803584,1943.3903443361496,-231.09522398671638,-6.781393787765951,1957.0822754826759
1788.5661618834617,1942.3965111419666,-232.99211774095667,-6.839997435926729,1956.3204066373944
1805.1488792211082,1941.3863143531223,-234.9002373386769,-6.899030798850399,1955.5456893305684
1821.8853434651671,1940.3595228337529,-236.819531816169,-6.9584949502550115,1954.757930921693
1838.7769800823269,1939.3159035382837,-238.7499463839549,-7.018390904337399,1953.9569367350066
1855.8252277555189,1938.2552215468995,-240.69142233756028,-7.078719613787914,1953.1425100695287
1873.0315385064366,1937.1772401034245,-242.64389696745445,-7.139481967767175,1952.314452210574
1890.3973778192214,1936.0817206556753,-244.60730346820316,-7.200678789844879,1951.4725624427892
1907.924224765265,1934.9684228983633,-246.58157084687133,-7.26231083590036,1950.6166380647658
1925.6135721291987,1933.8371048186095,-248.56662383072833,-7.3243787919850325,1949.7464744052827
1943.4669265360203,1932.6875227441456,-250.56238277429932,-7.386883272146485,1948.8618648412298
1961.4858085794315,1931.5194313942686,-252.5687635658201,-7.449824816214361,1947.962600817276
1979.6717529513326,1930.332583933623,-254.58567753314676,-7.513203887547949,1947.0484718673206
1998.0263085725508,1929.1267320288762,-256.6130313491839,-7.577020870745651,1946.1192656378046
2016.5510387247464,1927.9016259083623,-258.65072693688666,-7.641276069316259,1945.1747679129214
2035.2475211835779,1926.657014424761,-260.6986613739112,-7.705969703312434,1944.2147626417927
2054.1173483530642,1925.3926451208822,-262.7567267969732,-7.7711019069262885,1943.23903196767
2073.162127401231,1924.1082642986262,-264.82481030599604,-7.8366727260475715,1942.2473562592072
2092.383480396977,1922.8036170911898,-266.90279386811693,-7.90268211578449,1941.2395141438803
2111.7830444482443,1921.4784475385843,-268.9905542216394,-7.969129937947734,1940.2152825436028
2131.3624718414376,1920.1324986665343,-271.0879627800075,-8.036015958497824,1939.174436712593
2151.1234301821673,1918.7655125688216,-273.1948855358976,-8.10333984495646,1938.116750277564
2171.067602537265,1917.377230493147,-275.31118296551364,-8.171101163782165,1937.0419952802883
2191.1966875781495,1915.9673929305627,-277.43670993318625,-8.239299377710893,1935.9499422226002
2211.5123997254886,1914.5357397085495,-279.571315596371,-8.30793384306208,1934.8403601138903
2232.0164692952344,1913.082010087792,-281.7148433111562,-8.377003807010988,1933.713016521163
2252.7106426459804,1911.6059428627163,-283.8671305383808,-8.446508404827803,1932.567677621705
2273.5966823277176,1910.1072764658454,-286.0280087504835,-8.51644665708457,1931.4041082584286
2294.676367231936,1908.5857490760272,-288.1973033391912,-8.58681746683057,1930.222071997956
2315.9514927431546,1907.0410987305904,-290.3748335241774,-8.657619616737303,1929.0213311914856
2337.423870891815,1905.4730634414782,-292.5604122628058,-8.72885176621382,1927.801647038521
2359.0953305086364,1903.8813813154043,-294.75384616109943,-8.800512448493784,1926.562779653498
2380.9677173803584,1902.26579067808,-296.9549353860598,-8.872600067695126,1925.3044881353806
2403.0428944069695,1900.6260302025537,-299.16347357948376,-8.945112895853777,1924.026530640277
2425.322741760353,1898.9618390416956,-301.3792477734129,-9.018049069932601,1922.7286644571268
2447.8091570444403,1897.2729569648686,-303.60203830736964,-9.091406588807084,1921.4106460865166
2470.5040554568254,1895.5591244988123,-305.8316187475274,-9.165183310229173,1920.0722313226752
2493.4093699518803,1893.8200830727656,-308.06775580797165,-9.239376947770854,1918.7131753386946
2516.527051405392,1892.05557516785,-310.3102092742135,-9.31398506774919,1917.3332327750304
2539.859068780724,1890.2653444707335,-312.55873192912037,-9.389005086134572,1915.9321578313259
2563.407409296515,1888.44913603158,-314.8130694814287,-9.464434265443957,1914.5097043615997
2587.1740785959237,1886.6066964263014,-317.07296049701506,-9.540269711621125,1913.0656259728532
2611.1611009174594,1884.7377739230992,-319.33813633310115,-9.616508370906034,1911.599676127117
2635.3705192673933,1882.8421186533053,-321.60832107557223,-9.69314702669536,1910.1116082469935
2659.8043955937583,1880.9194827865022,-323.883231479593,-9.770182296396483,1908.6011758247207
2684.464810961965,1878.969620709905,-326.16257691370816,-9.847610628277332,1907.068132534786
2709.3538657320514,1876.9922892119887,-328.44605930761946,-9.925428298314493,1905.5122323501275
2734.47367973758,1874.9872476703179,-330.73337310383374,-10.003631407042269,1903.9332296619423
2759.8263924661806,1872.9542582435533,-333.024205213376,-10.082215876405199,1902.3308794031234
2785.414163241766,1870.8930860675819,-335.31823497576954,-10.16117744661695,1900.7049371753485
2811.2391714084642,1868.803499455712,-337.61513412348773,-10.240511673028562,1899.055159379826
2837.3036165162116,1866.6852701028893,-339.9145667510753,-10.320213923008785,1897.3813033517188
2863.6097185081157,1864.538173293839,-342.2161892891553,-10.400279372840034,1895.6831274982424
2890.159717909509,1862.3619881150796,-344.51965048352037,-10.480703004632801,1893.9603914404436
2916.955876018796,1860.156497670699,-346.8245913795269,-10.561479603262216,1892.2128561586553
2944.000475100034,1857.9214893018143,-349.1306453119968,-10.64260375333,1890.4402841416181
2971.295818577334,1855.6567548095927,-351.4374379008436,-10.72406983615557,1888.6424395392523
2998.8442312310276,1853.362090681731,-353.7445870526307,-10.805872026799818,1886.8190883190664
3026.648059395692,1851.0372983222553,-356.05170296827947,-10.888004291125608,1884.9699984261727
3054.709671159968,1848.682184284517,-358.35838815713254,-10.97046038289863,1883.0949399468818
3083.031456568277,1846.2965605072245,-360.6642374575918,-11.053233840933014,1881.1936852758338
3111.6158278243597,1843.8802445533665,-362.96883806453235,-11.136317986285462,1879.2660092866308
3140.465219496752,1841.4330598518488,-365.27176956370965,-11.219705919502557,1877.3116895059134
3169.582088726115,1838.9548359416722,-367.57260397335676,-11.303390517925235,1875.3305062908287
3198.968915434538,1836.4454087184563,-369.8709057931849,-11.38736443305528,1873.322243009827
3228.6282025367304,1833.9046206831126,-372.166232060979,-11.471620087988082,1871.2866862267088
3258.5624761532263,1831.332321192452,-374.4581324169926,-11.556149674916638,1869.2236258878595
3288.77428582551,1828.7283667114984,-376.7461491763261,-11.640945152711303,1867.1328555125626
3319.2662047331896,1826.0926210672849,-379.0298174094858,-11.72599824458048,1865.0141723863267
3350.0408299131327,1823.4249557038715,-381.3086650312955,-11.811300435816873,1862.8673777571005
3381.100782480685,1820.7252499383358,-383.58221289834614,-11.896842971634731,1860.6922770342783
3412.4487078528896,1817.9933912174624,-385.84997491514486,-11.98261685510288,1858.488679990381
3444.0872759738236,1815.229275374853,-388.1114581491318,-12.068612845179048,1856.2564009652758
3476.0191815419776,1812.4328068881591,-390.366162954714,-12.154821454850582,1853.995259072816
3508.2471442397923,1809.6038991361406,-392.6135831064667,-12.241232949387093,1851.70507840974
3540.7739089652696,1806.7424746552306,-394.85320594163244,-12.327837344710261,1849.385688266699
3573.602246065788,1803.8484653952805,-397.08451251205076,-12.414624405886496,1847.0369233412312
3606.734951574028,1800.9218129741546,-399.3069777456286,-12.501583645747822,1844.6586239525361
3640.1748474461415,1797.9624689308189,-401.5200706174608,-12.588704323646688,1842.2506362578508
3673.924781802074,1794.9703949765778,-403.72325433068835,-12.675975444350204,1839.8128124702616
3707.9876291681726,1791.9455632440802,-405.91598650717964,-12.763385757079599,1837.3450110777344
3742.366290721981,1788.8879565337324,-408.0977193880949,-12.850923754700323,1834.8470970631852
3777.0636945393644,1785.7975685571216,-410.2679000443947,-12.938577673068806,1832.318942125351
3812.082795843888,1782.6744041770626,-412.4259705973215,-13.026335490541205,1829.7604249002623
3847.426577258506,1779.5184796438691,-414.57136844888356,-13.114184927650008,1827.1714311830751
3883.098049059605,1776.3298228274339,-416.70352652234527,-13.202113446954112,1824.5518541500273
3919.100249433402,1773.108473444709,-418.8218735127152,-13.290108253067997,1821.901594580269
3955.4362447347016,1769.8544832821594,-420.92583414720315,-13.378156292875545,1819.2205610773199
3992.1091297480534,1766.5679164127735,-423.0148294556027,-13.46624425593401,1816.5086702898834
4029.1220279513477,1763.2488494071833,-425.088277050537,-13.554358575073772,1813.7658471317486
4066.478091781854,1759.8973715384723,-427.14559141748543,-13.642485427199135,1810.9920250005014
4104.180502904709,1756.513584980226,-429.1861842144879,-13.730610734295478,1808.1871459947604
4142.232472483898,1753.0976049973892,-431.2094645814092,-13.818720164648084,1805.3511611296478
4180.637241455758,1749.64956012948,-433.21483945861905,-13.906799134277689,1802.484030550185
4219.398080805024,1746.1695923657244,-435.20171391493056,-13.994832808597828,1799.5857237423209
4258.518291843415,1742.6578573116683,-437.16949148460714,-14.082806104298696,1796.656219741274
4298.001206490799,1739.1145243468272,-439.1175745132397,-14.170703691462315,1793.6955073368727
4337.850187558989,1735.5397767729296,-441.04536451226704,-14.258509995913657,1790.7035852755723
4378.068629038166,1731.9338119523286,-442.9522625218907,-14.346209201811918,1787.6804624588215
4418.659956385942,1728.296841436144,-444.837669482116,-14.433785254486276,1784.626158137449
4459.627626819096,1724.629091081721,-446.70098661162564,-14.521221863519957,1781.5407021017409
4500.975129608047,1720.9308011589783,-448.5416157941782,-14.608502506086632,1778.4241348668588
4542.705986374043,1717.2022264452394,-450.35895997218813,-14.695610430542448,1775.2765078532746
4584.823751389096,1713.44363630816,-452.1524235471375,-14.782528660277098,1772.097883561876
4627.332011878693,1709.6553147763452,-453.9214127864333,-14.869239997826925,1768.8883357433945
4670.234388327335,1705.8375605972938,-455.6653362363166,-14.955727029252918,1765.6479495618262
4713.534534786907,1701.9906872822953,-457.3836051403963,-15.04197212878601,1762.3768217514908
4757.236139187889,1698.1150231379438,-459.07563386336676,-15.127957463741822,1759.0750607674
4801.34292365345,1694.2109112839207,-460.74084031944585,-15.213664999706838,1755.742786928587
4845.858644816496,1690.2787096567386,-462.3786464050504,-15.299076505997494,1752.380132554069
4890.7870941395895,1686.3187909991443,-463.9884784352055,-15.384173561393384,1748.9872420911004
4936.132098237917,1682.3315428348997,-465.56976758316813,-15.468937560145518,1745.5642722353991
4981.89751920516,1678.317367428683,-467.1219503227225,-15.553349718259998,1742.1113920430141
5028.08725494248,1674.2766817308684,-468.64446887259595,-15.637391080057455,1738.6287830335161
5074.705239490466,1670.2099173069757,-470.1367716424153,-15.721042525007679,1735.116639284209
5121.755443364242,1666.1175202515828,-471.5983136796239,-15.804284774839193,1731.5751675150427
5169.2418738915985,1661.9999510865537,-473.02855711674977,-15.887098400922287,1728.0045871639522
5217.168575554349,1657.8576846434185,-474.4269716184137,-15.969463831924433,1724.405130452312
5265.539630332755,1653.691209929807,-475.7930348274468,-16.051361361735832,1720.7770424402518
5314.359158053241,1649.5010299798346,-477.1262328094826,-16.132771157663157,1717.1205810715517
5363.63131673924,1645.2876616883907,-478.4260604953702,-16.213673268888282,1713.4360172078714
5413.360302965381,1641.0516356292883,-479.6920221207588,-16.29404763518925,1709.723634652064
5463.550352214876,1636.7934958572832,-480.92363166218337,-16.37387409591943,1705.9837301603582
5514.205739240302,1632.513799693982,-482.12041326899157,-16.453132399241056,1702.2166134431734
5565.330778427646,1628.2131174977076,-483.2819016904306,-16.531802211608333,1698.422607154392
5616.92982416381,1623.8920324174019,-484.4076426972281,-16.609863127495306,1694.6020468688823
5669.007271207434,1619.5511401307012,-485.4971934969855,-16.68729467936274,1690.755281048119
5721.567555063251,1615.191048566325,-486.5501231427144,-16.764076347858335,1686.8826709937402
5774.61515235982,1610.812377610975,-487.5660129338413,-16.840187572243547,1682.9845907889132
5828.154581230846,1606.4157588009546,-488.54445680901665,-16.915607761040434,1679.0614272273851
5882.190401699956,1602.001834998767,-489.48506173006376,-16.99031630289084,1675.113579730133
5936.727216069126,1597.571260054967,-490.387448056418,-17.06429257762044,1671.141460249521
5991.769669310619,1593.1246984555876,-491.2512499094082,-17.137515967499045,1667.1454931609187
6047.322449462643,1588.6628249554797,-492.07611552575287,-17.209965868688794,1663.1261151417348
6103.390288028621,1584.186324197949,-492.8617075996449,-17.281621702870705,1659.083775037851
6159.977960380169,1579.695890321099,-493.6077036128259,-17.352462929040268,1655.0189337174654
6217.090286163827,1575.1922265513049,-494.3137961520568,-17.422469055461956,1650.9320639123569
6274.732129711575,1570.6760447843008,-494.979693213416,-17.491619651772194,1646.8236500466292
6332.908400455115,1566.1480651543675,-495.6051184928719,-17.559894361219904,1642.6941880529994
6391.624053344006,1561.609015592146,-496.18981166260033,-17.62727291303349,1638.5441851767189
6450.884089267693,1557.059631371627,-496.73352863253956,-17.693735134902496,1634.3741597672429
6510.6935554814545,1552.5006546468862,-497.2360417966987,-17.75926096556214,1630.1846410577725
6571.057546036271,1547.9328339791755,-497.69714026376,-17.82383046746812,1625.9761689328436
6631.981202212675,1543.3569238549821,-498.11663007154596,-17.887423839549207,1621.7492936841213
6693.469712958661,1538.7736841957062,-498.4943343849473,-17.950021430024552,1617.5045757546156
6755.5283153316395,1534.1838798596177,-498.8300936769385,-18.01160374927244,1613.242585471526
6818.162294944479,1529.5882801367757,-499.1237658923362,-18.072151482736853,1608.9639027679668
6881.37698641567,1524.9876582376169,-499.3752265939913,-18.131645503858024,1604.669116893838
6945.177773823696,1520.3827907759187,-499.5843690911327,-18.190066887012904,1600.3588261161171
7009.570091165618,1515.7744572468723,-499.75110454962135,-18.247396920451266,1596.033637408879
7074.559422819879,1511.1634395010078,-499.87536208389724,-18.30361711921289,1591.694166133376
7140.151304013403,1506.5505212147232,-499.95708883044693,-18.358709238011166,1587.3410357085113
7206.351321293052,1501.9364873581726,-499.9962500026492,-18.41265528406834,1582.9748772720677
7273.165113001454,1497.322123661284,-499.99282892689024,-18.46543752988746,1578.596329333073
7340.598369757212,1492.7082160786813,-499.9468270598833,-18.51703852594587,1574.2060374157013
7408.6568349395675,1488.0955502542802,-499.8582639871544,-18.567441113295263,1569.8046536951151
7477.346305177588,1483.4849109863292,-499.72717740270093,-18.61662843605308,1565.3928366256782
7546.6726308438865,1478.8770816936794,-499.55362306986075,-18.66458395377005,1560.971250561982
7616.641716552892,1474.2728438840459,-499.33767476346634,-18.711291453658717,1556.540565373141
7687.259521663728,1469.6729766250317,-499.0794241933984,-18.75673506266775,1552.1014560508263
7758.532060787836,1465.078256018664,-498.77898090968307,-18.800899259387087,1547.654602311508
7830.465404301183,1460.4894546802109,-498.43647218931807,-18.843768885768675,1543.200688193416
7903.065678861348,1455.9073412219936,-498.0520429050425,-18.88532915864822,1538.7404016486928
7976.339067929273,1451.3326797429465,-497.62585537630315,-18.925565681052895,1534.2744341312734
8050.291812295981,1446.7662293246196,-497.15808920270115,-18.964464453280666,1529.8034801809868
8124.930210614048,1442.208743534332,-496.64894108023566,-19.002011883736742,1525.3282370044146
8200.26061993413,1437.6609699361488,-496.09862460069195,-19.038194799512993,1520.8494040530268
8276.289456246344,1433.1236496103536,-495.50737003455487,-19.07300045669646,1516.3676825991317
8353.023195026779,1428.5975166820406,-494.87542409785163,-19.106416550393348,1511.8837753101666
8430.468371788967,1424.0832978594651,-494.20304970336366,-19.138431224455083,1507.3983858218753
8508.63158264058,1419.5817119827288,-493.4905256966655,-19.169033080893545,1502.9122183108989
8587.51948484517,1415.093469583388,-492.73814657748284,-19.198211188972714,1498.4259770673239
8667.138797389232,1410.6192724555149,-491.94622220687745,-19.225955093964554,1493.9403660677172
8747.496301554416,1406.1598132387448,-491.1150775007959,-19.25225482555724,1489.4560885491837
8828.59884149515,1401.715775013788,-490.24505211053344,-19.277100905904156,1484.9738465849705
8910.453324821512,1397.2878309108792,-489.336500090692,-19.300484357302892,1480.4943406621444
8993.066723187623,1392.8766437315853,-488.38978955521816,-19.32239670949351,1476.0182692618528
9076.446072885357,1388.482865584391,-487.40530232213416,-19.34283000656607,1471.546328442694
9160.598475443709,1384.1071375344145,-486.38343354757967,-19.36177681346795,1467.079211427673
9245.53109823357,1379.750089267613,-485.32459134980263,-19.379230222101867,1462.6176081952656
9331.25117507825,1375.4123387697714,-484.2291964237409,-19.395183857006153,1458.1622050750439
9417.766006869519,1371.0944920205652,-483.0976816468527,-19.409631880609332,1453.713684348364
9505.082962189512,1366.7971427029304,-481.9304916768564,-19.42256899805181,1449.2727238545517
9593.20947793824,1362.5208719279653,-480.728082542047,-19.433990461567646,1444.8399966030481
9682.153059967077,1358.2662479755352,-479.4909212248627,-19.443892074420603,1440.4161703919478
9771.921283717997,1354.0338260507338,-478.21948523937476,-19.452270194388696,1436.0019074333438
9862.521794868784,1349.8241480563233,-476.9142622033763,-19.459121736792387,1431.5978639858924
9953.962309984234,1345.6377423812255,-475.57574940574403,-19.464444177062312,1427.2046899949835
10046.250617173402,1341.4751237051307,-474.2044533697426,-19.468235552842675,1422.8230287408874
10139.394576752917,1337.3367928192433,-472.8008894129433,-19.470494465627546,1418.4535164952463
10233.402121916422,1333.2232364631595,-471.36558120441583,-19.471220081927644,1414.09678218624
10328.281259410274,1329.1349271778358,-469.8990603198484,-19.470412133966025,1409.7534470727524
10424.040070215558,1325.0723231745887,-468.4018657952426,-19.46807091990157,1405.424124427842
10520.686710236228,1321.0358682200358,-466.8745436798237,-19.46419730358011,1401.1094192318128
10618.229410993847,1317.0259915368474,-465.3176465887858,-19.458792713813455,1396.8099278751358
10716.676480328644,1313.0431077201729,-463.7317332564908,-19.45185914318733,1392.5262378714874
10816.036303107094,1309.0876166695639,-462.11736809071857,-19.443399146399972,1388.2589275811238
10916.317341936148,1305.1599035361974,-460.4751207285538,-19.43341583813366,1384.0085659448036
11017.528137883874,1301.2603386851893,-458.805565594484,-19.42191289046223,1379.775712228465
11119.677311206979,1297.389277672739,-457.10928146125576,-19.40889452979825,1375.5609157788022
11222.77356208507,1293.5470612378554,-455.38685101402973,-19.394365533384054,1371.3647157899193
11326.825671361537,1289.7340153083796,-453.6388604183545,-19.378331225331713,1367.1876410811865
11431.842501291503,1285.9504510209963,-451.8658988924535,-19.360797472217367,1363.030209886409
11537.83299629662,1282.1966647549161,-450.06855828431026,-19.341770678236223,1358.8929296544113
11644.806183726854,1278.4729381788984,-448.2474326540085,-19.321257779924863,1354.7762968611075
11752.771174629452,1274.7795383112516,-446.4031178617673,-19.299266240458337,1350.6807968331211
11861.737164524791,1271.1167175924595,-444.5362111620942,-19.27580404353,1346.606903582994
11971.713434189656,1267.4847139700437,-442.6473108044456,-19.250879686822437,1342.5550796560008
12082.70935044776,1263.883750995271,-440.737015640775,-19.224502175078683,1338.5257759885733
12194.734366967383,1260.3140379313213,-438.80592474032517,-19.196681012783298,1334.5194317783325
12307.798025066659,1256.7757698724847,-436.85463701198995,-19.16742619646324,1330.5364743656803
12421.909954526187,1253.269127873985,-434.88375083456054,-19.136748206619256,1326.5773191269159
12537.079874409197,1249.7942790919997,-432.89386369514153,-19.10465799929873,1322.6423693788124
12653.31759388943,1246.3513769334422,-430.88557183600295,-19.071166997321452,1318.7320162945643
12770.633013086446,1242.940561215086,-428.8594699101153,-19.036287081170286,1314.8466388310305
12889.036123908916,1239.5619583315718,-426.8161506455842,-19.000030579558935,1310.9866036671447
13008.537010905706,1236.2156814318678,-424.75620451918786,-18.96241025968952,1307.1522651533764
13129.145852124653,1232.9018306037494,-422.68021943920184,-18.923439317213024,1303.3439652721183
13250.872919979538,1229.6204930658355,-420.58878043765986,-18.88313136590585,1299.5620336088257
13373.728582124977,1226.3717433667562,-418.4824693721968,-18.84150042707627,1295.806787333771
13497.723302339418,1223.1556435910045,-416.3618646375878,-18.798560918714543,1292.0785311942202
13622.867641416467,1219.9722435710325,-414.22754088708166,-18.754327644401002,1288.3775575168554
13749.172258064205,1216.8215811051653,-412.08006876361,-18.708815781986416,1284.7041462202478
13876.647909813071,1213.703682180891,-409.9200146409294,-18.66204087205931,1281.0585648371712
14005.305453932197,1210.618561203106,-407.74794037473634,-18.61401880621476,1277.441068546537
14135.155848353957,1207.5662212269012,-405.56440306378755,-18.56476581513995,1273.8519002147398
14266.210152607355,1204.5466541944638,-403.36995482102304,-18.514298456531137,1270.2912904461684
14398.479528760066,1201.5598411756914,-401.16514255468593,-18.46263360285723,1266.7594576426395
14531.975242368953,1198.6057526121288,-398.95050775941957,-18.409788428985284,1263.2566080715296
14666.708663439686,1195.684348563816,-396.726586317291,-18.355780399682843,1259.7829359423188
14802.691267395101,1192.795578958683,-394.4939083086953,-18.300627257012525,1256.338623491314
14939.934636052561,1189.9393838441065,-392.25299783306644,-18.244347007633884,1252.9238410742767
15078.45045861051,1187.1156936402622,-390.00437283931285,-18.186957910027672,1249.538747266681
15218.250532643871,1184.3244293949322,-387.74854496588995,-18.128478461657707,1246.1834889713457
15359.346765108954,1181.5655030394007,-385.4860193903926,-18.068927386085026,1242.8582015331444
15501.751173357688,1178.8388176451206,-383.21729468855636,-18.008323620049268,1239.5630088605265
15645.475886160959,1176.144267680821,-380.9428627025428,-17.946686300532093,1236.2980235535697
15790.533144741757,1173.4817392697419,-378.66320841836114,-17.88403475181678,1233.0633470382718
15936.935303817761,1170.8511104466934,-376.3788098522886,-17.820388472558662,1229.8590697068018
16084.694832653551,1168.2522514146542,-374.0901379461296,-17.755767122880208,1226.6852710634307
16233.824316122782,1165.6850248006199,-371.79765647114823,-17.69019051150467,1223.5420198758436
16384.33645577985,1163.149285910448,-369.5018219405134,-17.62367858294201,1220.4293743315684
16536.244070941786,1160.644882982426,-367.20308353006607,-17.55625140474011,1217.3473821992136
16689.560099780232,1158.1716574393288,-364.9018830072331,-17.487929154814367,1214.2960809942467
16844.297600423153,1155.7294441387319,-362.5986546679033,-17.418732108868586,1211.2754981490361
17000.46975206718,1153.3180716213503,-360.29382528106254,-17.348680627919034,1208.2856511868586
17158.089856100065,1150.9373623572012,-357.9878140409979,-17.27779514593401,1205.3265478996152
17317.17133723353,1148.5871329893841,-355.6810325268683,-17.20609615760038,1202.3981865289686
17477.727744646807,1146.267194575294,-353.37388466943486,-17.133604206228267,1199.500555950635
17639.772753140453,1143.9773528250914,-351.06676672475066,-17.060339871804892,1196.6336358615674
17803.32016430112,1141.7174083372583,-348.76006725459416,-16.98632375920782,1193.79739696976
17968.38390767719,1139.4871568310857,-346.4541671134378,-16.911576486587585,1190.9918011864136
18134.978041964954,1137.2863893759543,-344.14943944174627,-16.836118673929537,1188.2168018202162
18303.11675620613,1135.1148926172618,-341.8462496653835,-16.75997093180376,1185.472343773479
18472.81437099636,1132.972448998883,-339.54495550092105,-16.68315385031186,1182.7583637398845
18644.085339704852,1130.8588369820418,-337.2459069666363,-16.60568798823896,1180.0747904036105
18816.944249705557,1128.7738312604902,-334.9494463989826,-16.52759386241848,1177.4215446395867
18991.405823619356,1126.7172029719056,-332.655908474331,-16.448891937317335,1174.7985397146683
19167.48492056813,1124.68871990541,-330.36562023576255,-16.369602614848116,1172.2056814894856
19345.196537440443,1122.6881467051371,-328.0789011247078,-16.28974622441477,1169.6428686207646
19524.55581016861,1120.7152450697865,-325.79606301723163,-16.209343013197913,1167.1099927639038
19705.578015018003,1118.7697739480914,-323.5174102647501,-16.128413136684845,1164.6069387756
19888.27856988812,1116.851489730154,-321.2432397389831,-16.046976649449668,1162.133584916322
20072.673035625685,1114.9601464346083,-318.9738408809438,-15.965053496187814,1159.6898030524476
20258.77711735017,1113.0954958915604,-316.70949575376244,-15.882663503009102,1157.2754588578646
20446.606665791176,1111.257287921294,-314.4504790991615,-15.799826368993145,1154.8904120148723
20636.177678638567,1109.4452705086999,-312.1970583973804,-15.716561658009992,1152.5345164141936
20827.506301905145,1107.6591899734256,-309.94949393036836,-15.632888790808897,1150.2076203539414
21020.608831301583,1105.8987911357326,-307.7080388480662,-15.548827037377654,1147.9095667373792
21215.501713624522,1104.1638174780521,-305.47293923758815,-15.464395509574073,1145.6401932693163
21412.201548157314,1102.454011302249,-303.24443419513506,-15.379613154031246,1143.3993326509976
21610.725088083764,1100.769113882594,-301.0227559004648,-15.294498745337599,1141.1868127733433
21811.0892419152,1099.1088656144623,-298.80812969374983,-15.209070879492273,1139.0024569084067
22013.311074930323,1097.4730061587752,-296.6007741546651,-15.12334796763629,1136.8460838989267
22217.407810628825,1095.8612745822034,-294.40090118353714,-15.037348230059045,1134.7175083458483
22423.39683219845,1094.2734094931618,-292.2087160844052,-14.951089690479801,1132.6165407936992
22631.295683995297,1092.7091491736303,-290.0244176498452,-14.864590170603371,1130.542987913724
22841.12207303821,1091.1682317068257,-287.84819824740305,-14.777867284948538,1128.4966526846579
23052.893870517062,1089.6503951007726,-285.6802439074988,-14.69093843594771,1126.4773345710591
23266.62911331458,1088.1553774078125,-283.5207344126679,-14.603820809316195,1124.4848296991106
23482.346005542764,1086.682916840092,-281.36984338799675,-14.516531369688423,1122.5189310297962
23700.062920093304,1085.2327518810862,-279.22773839263084,-14.429086856518962,1120.579428529392
23919.798400202373,1083.8046213931998,-277.094581012228,-14.341503780245482,1118.6661093371872
24141.571161030177,1082.3982647215046,-274.9705269522344,-14.253798418710428,1116.7787579303763
24365.40009125466,1081.0134217936711,-272.8557261318734,-14.16598681383844,1114.9171562860683
24591.304254680414,1079.649833216144,-270.7503227787264,-14.078084768565594,1113.0810840403462
24819.302891862528,1078.3072403666283,-268.6544555238037,-13.990107844016842,1111.2703186443364
25049.415421745023,1076.9853854829469,-266.56825749700397,-13.902071356927836,1109.484635517248
25281.661443315006,1075.68401174833,-264.49185642285596,-13.813990377306549,1107.7238081963346
25516.060737271866,1074.4028633732019,-262.42537471645255,-13.725879726330644,1105.9876084837504
25752.633267711986,1073.1416856735332,-260.3689295794857,-13.637753974475888,1104.2758065902738
25991.39918382933,1071.9002251458198,-258.3226330962895,-13.549627439870768,1102.5881712758664
26232.378821631235,1070.6782295387652,-256.2865923298191,-13.461514186872874,1100.924469987063
26475.59270567064,1069.4754479217245,-254.2609094174727,-13.373428024861454,1099.2844689911585
26721.061550794326,1068.291630749985,-252.24568166668908,-13.285382507241431,1097.6679335071944
26968.806263906925,1067.126529926954,-250.24100165024876,-13.19739093065364,1096.0746278337356
27218.847945751797,1065.9798988633202,-248.24695730120465,-13.109466334385669,1094.5043154734296
27471.207892708146,1064.8514925332588,-246.26363200738263,-13.021621499978272,1092.9567592543524
27725.907598604812,1063.7410675277565,-244.2911047053874,-12.93386895102155,1091.431721448149
27982.96875655116,1062.6483821051163,-242.3294499740544,-12.846220953135514,1089.9289638849632
28242.413260784357,1061.5731962387251,-240.37873812729907,-12.758689514129605,1088.4482480651873
28504.263208534318,1060.5152716621428,-238.43903530630192,-12.67128638433514,1086.9893352680276
28768.540901905915,1059.4743719115888,-236.51040357098623,-12.58402305710532,1085.5519866569111
29035.26884977814,1058.4502623658957,-234.5929009907454,-12.496910769477246,1084.1359633817556
29304.469769721443,1057.4427102839961,-232.68658173436864,-12.40996050298986,1082.7410266781196
29576.166589932567,1056.4514848400129,-230.79149615913218,-12.323182984652517,1081.3669379632609
29850.382451187295,1055.4763571560215,-228.90769089901542,-12.236588688058376,1080.0134589291304
30127.140708811643,1054.51710033255,-227.03520895200506,-12.150187834636828,1078.6803516323312
30406.464934670686,1053.573489476885,-225.17408976646277,-12.063990395039783,1077.3673785810738
30688.37891917639,1052.64530172925,-223.32436932651623,-11.978006090655681,1076.0743028191641
30972.906673314068,1051.7323162869177,-221.4860802364519,-11.892244395246022,1074.8008880070547
31260.072430687036,1050.8343144263258,-219.65925180408672,-11.806714536699033,1073.5468985000036
31549.900649580886,1049.951079523255,-217.84391012308882,-11.721425498894686,1072.3120994233745
31842.41601504656,1049.0823970711353,-216.040078154232,-11.636386023676007,1071.096256745119
32137.643441002758,1048.2280546975396,-214.24777580556275,-11.551604612921269,1069.8991373454878
32435.608072358114,1047.3878421789261,-212.4670200114625,-11.467089530711764,1068.7205090840066
32736.335287152477,1046.5615514536903,-210.69782481059386,-11.382848805590317,1067.5601408637692
33039.85069871855,1045.7489766335837,-208.94020142271202,-11.298890232905064,1066.4178026930867
33346.18015786363,1044.9499140135545,-207.1941583243326,-11.2152213772338,1065.2932657445383
33655.34975507094,1044.1641620800738,-205.45970132324913,-11.131849574884061,1064.1863024114814
33967.3858227221,1043.3915215179934,-203.73683363188604,-11.048781936463932,1063.0966863620542
34282.31493733974,1042.6317952159964,-202.02555593948438,-10.966025349519077,1062.0241925907285
34600.16392185109,1041.8847882706912,-200.32586648311428,-10.883586481231378,1060.9685974674621
34920.95984787271,1041.1503079893987,-198.63776111750852,-10.801471781174621,1059.929678784492
35244.73003801588,1040.4281638916889,-196.96123338371874,-10.71968748412308,1058.9072158008305
35571.50206821382,1039.7181677097108,-195.29627457658776,-10.638239612908457,1057.900989284504
35901.303770070685,1039.0201333873658,-193.64287381103938,-10.557133981321165,1056.9107815525858
36234.1632332315,1038.3338770783782,-192.00101808719137,-10.476376197052053,1055.9363765090843
36570.10880777486,1037.659217143296,-190.3706923542859,-10.3959716646704,1054.9775596807206
36909.16910662775,1036.9959741454811,-188.75187957344437,-10.315925588634432,1054.0341182506586
37251.3730080021,1036.3439708461235,-187.1445607792533,-10.236242976330903,1053.1058410902347
37596.74965785468,1035.7030321983264,-185.54871514017998,-10.15692864113979,1052.1925187887334
37945.32847236942,1035.072985340303,-183.96432001782807,-10.077987205520902,1051.293943681266
38297.13914046277,1034.4536595877257,-182.39135102503832,-9.999423104118934,1050.4099098747959
38652.211626312615,1033.8448864252666,-180.82978208284004,-9.921240586883732,1049.5402132723643
39010.57617190993,1033.2464994973702,-179.27958547626574,-9.84344372220277,1048.6846515955647
39372.26329963475,1032.6583345982922,-177.7407319090316,-9.766036400042601,1047.8430244053145
39737.303814856044,1032.0802296614422,-176.21319055709571,-9.689022335096533,1047.015133120972
40105.72880855496,1031.512024748068,-174.696929121107,-9.612405069935816,1046.2007810378482
40477.569659973225,1030.9535620353113,-173.19191387774814,-9.536187978161415,1045.3997733431615
40852.85803928565,1030.4046858036716,-171.69810972998965,-9.46037426755405,1044.611917130479
41231.62591029748,1029.865242423909,-170.21548025626248,-9.38496698321989,1043.8370214126949
41613.90553316707,1029.3350803434162,-168.74398775856133,-9.30996901072955,1043.0748971335895
41999.72946715306,1028.8140500720933,-167.28359330949422,-9.235383079248333,1042.3253571780167
42389.130573387745,1028.3020041677507,-165.83425679828457,-9.161211764655244,1041.5882163807596
42782.14201767613,1027.7987972210703,-164.39593697574193,-9.087457492648943,1040.863291534105
43178.79727332021,1027.3042858401534,-162.96859149821682,-9.014122541838747,1040.1504013941735
43579.130123970295,1026.8183286346807,-161.55217697054684,-8.941209046818587,1039.4493666860556
43983.17466650228,1026.3407861997084,-160.1466489880122,-8.868719001222393,1038.7600101077846
44390.96531392167,1025.8715210991297,-158.75196217731326,-8.796654260759121,1038.0821563332015
44802.536798294896,1025.4103978488208,-157.36807023658116,-8.725016546225813,1037.4156320137376
45217.92417370702,1024.9572828994972,-155.99492597444168,-8.653807446497433,1036.760265779168
45637.16281924754,1024.5120446193014,-154.63248134813938,-8.58302842149178,1036.115888237365
46060.28844202398,1024.0745532761453,-153.28068750073953,-8.51268080510827,1035.4823319730933
46487.33708020257,1023.6446810198261,-151.93949479742514,-8.44276580813956,1034.859431545888
46918.34510607799,1023.2223018639351,-150.60885286089703,-8.373284521154524,1034.2470234870416
47353.34922917121,1022.8072916675812,-149.28871060589648,-8.304237917351726,1033.64494629575
47792.38649935595,1022.3995281169462,-147.97901627286313,-8.235626855382332,1033.0530404344388
48235.49431001467,1021.9988907066878,-146.67971746074167,-8.167452082141484,1032.4711483233143
48682.71040122284,1021.605260721212,-145.39076115895546,-8.099714235527452,1031.899114334166
49134.07286296357,1021.218521215826,-144.11209377855653,-8.0324138471675,1031.3367847834566
49589.62013837212,1020.8385569977909,-142.8436611825693,-7.9655513451099464,1030.7840079247312
50049.39102700954,1020.4652546072889,-141.5854087155442,-7.8991270564817535,1030.2406339403753
50513.424688167666,1020.0985022983178,-140.33728123233098,-7.833141210110937,1029.7065149327518
50981.760644204296,1019.7381900195289,-139.09922312609027,-7.767593939113339,1029.1815049147488
51454.438783909245,1019.3842093950193,-137.87117835555523,-7.702485283443272,1028.665459799763
51931.49936590212,1019.0364537050939,-136.65309047155756,-7.637815192407537,1028.1582373911526
52412.983022060616,1018.6948178670076,-135.44490264283502,-7.573583527142634,1027.659697371179
52898.93076098146,1018.3591984156999,-134.24655768112953,-7.509790063054586,1027.1697012894704
53389.3839714735,1018.029493484532,-133.05799806559253,-7.4464344922212256,1026.68811255103
53884.38442608224,1017.7056027860402,-131.87916596651326,-7.383516425756848,1026.2147964038136
54383.974284648015,1017.3874275927113,-130.71000326837878,-7.321035396138754,1025.7496199259028
54888.19609789677,1017.0748707177939,-129.55045159228342,-7.258990859495802,1025.2924520122938
55397.092811064,1016.7678364961514,-128.40045231769938,-7.197382197858765,1024.8431633613284
55910.70776755293,1016.4662307651681,-127.25994660362036,-7.1362087213723395,1024.4016264607862
56429.08471262542,1016.1699608457152,-126.1288754090961,-7.075469670469076,1023.9677155736629
56952.26779712819,1015.878935523186,-125.00717951316417,-7.015164218004855,1023.5413067236506
57480.30158125351,1015.5930650286049,-123.89479953419583,-6.9552914713562,1023.1222776803438
58013.23103833378,1015.3122610198225,-122.79167594867029,-6.89585047447957,1022.7105079441922
58551.10155867232,1015.0364365627977,-121.69774910938425,-6.836840209932448,1022.3058787312108
59093.958953409645,1014.7655061129778,-120.61295926311345,-6.778259600856618,1021.908272957477
59641.8494584246,1014.4993854967805,-119.53724656773825,-6.720107512923743,1021.5175752234229
60194.819738272745,1014.2379918931831,-118.47055110884224,-6.6623827562433355,1021.133671797943
60752.91689016077,1013.9812438154268,-117.41281291579863,-6.605084087233425,1020.7564506023364
61316.18844795769,1013.7290610928375,-116.36397197735468,-6.548210210454146,1020.3858011940937
61884.682386243825,1013.4813648527717,-115.32396825672511,-6.491759780404431,1020.0216147505479
62458.44712439618,1013.2380775026893,-114.2927417062084,-6.435731403282257,1019.6637840524043
63037.53153071269,1012.9991227123581,-113.27023228133336,-6.380123638708527,1019.3122034671587
63621.98492657482,1012.764425396195,-112.25637995454856,-6.324935001414995,1018.9667689324244
64211.85709064758,1012.5339116957458,-111.25112472846784,-6.2701639628966985,1018.6273779391744
64807.19826311971,1012.3075089623093,-110.25440664867733,-6.215808953028964,1018.2939295149154
65408.05914998259,1012.0851457397055,-109.26616581611891,-6.161868361649602,1017.9663242068063
66014.49092734883,1011.8667517471956,-108.28634239905793,-6.108340540106511,1017.6444640647278
66626.5452458115,1011.6522578625508,-107.31487664464522,-6.055223802771105,1017.32825262432
67244.2742348425,1011.4415961052779,-106.35170889008577,-6.002516428518077,1017.0175948899968
67867.73050723289,1011.2346996199997,-105.39677957341974,-5.950216662171684,1016.712397317943
68496.9671635744,1011.0315026599949,-104.45002924392791,-5.898322715919136,1016.4125677991121
69132.03779678128,1010.8319405708984,-103.51139857217154,-5.846832770691506,1016.118015642226
69772.99649665538,1010.6359497745638,-102.580828359673,-5.795744977512484,1015.8286515567925
70419.89785449296,1010.4434677530888,-101.65825954824862,-5.745057458815512,1015.544387636142
71072.79696773412,1010.254433033008,-100.7436332290015,-5.6947683097297,1015.2651373404998
71731.74944465613,1010.0687851696488,-99.83689065098224,-5.64487559933494,1014.9908154800939
72396.81140910876,1009.8864647316573,-98.9379732295289,-5.595377371886806,1014.7213381983114
73068.03950529492,1009.7074132856917,-98.04682255429033,-5.54627164801149,1014.4566229549075
73745.49090259547,1009.5315733812839,-97.16338039694351,-5.497556425871358,1014.196588509275
74429.22330043757,1009.3588885358719,-96.28758871861409,-5.449229682301656,1013.9411549037821
75119.29493320969,1009.1893032200011,-95.41938967700395,-5.401289373918617,1013.6902434471801
75815.76457522118,1009.0227628426975,-94.55872563323744,-5.353733438199647,1013.4437766980922
76518.69154570818,1008.8592137370104,-93.70553915843146,-5.3065597945359295,1013.2016784485857
77228.13571388643,1008.6986031457266,-92.85977303999671,-5.259766345257916,1012.9638737078336
77944.15750404951,1008.5408792072552,-92.02137028767959,-5.213350976634308,1012.7302886858699
78666.81790071575,1008.3859909416835,-91.19027413934853,-5.16731155984478,1012.5008507774454
79396.17845382275,1008.2338882370034,-90.36642806653313,-5.121645951927038,1012.2754885459839
80132.30128396886,1008.0845218355076,-89.54977577972429,-5.0763519966987225,1012.0541317076489
80875.24908770458,1007.9378433203575,-88.74026123343883,-5.031427525654469,1011.8367111155201
81625.08514287237,1007.7938051023182,-87.93782863105753,-4.986870358838704,1011.6231587438845
82381.87331399601,1007.6523604066648,-87.14242242944178,-4.942678305694585,1011.4134076726464
83145.67805772064,1007.513463260256,-86.35398734333454,-4.898849165889519,1011.2073920718578
83916.56442830162,1007.3770684787759,-85.57246834955372,-4.855380730117808,1011.0050471863766
84694.59808314576,1007.2431316541428,-84.79781069098112,-4.812270780880732,1010.8063093206473
85479.84528840405,1007.1116091420836,-84.02995988035356,-4.7695170932445645,1010.6111158236142
86272.37292461451,1006.9824580498755,-83.26886170386396,-4.727117435577068,1010.4194050737676
87072.24849239922,1006.8556362242499,-82.51446222457432,-4.68506957026272,1010.2311164643216
87879.54011821328,1006.7311022394616,-81.76670778564822,-4.6433712543972225,1010.046190388531
88694.31656014704,1006.6088153855196,-81.02554501340789,-4.60202024046172,1009.8645682251451
89516.64721378301,1006.4887356565797,-80.29092082021943,-4.561014276977053,1009.6861923240007
90346.60211810534,1006.3708237394974,-79.56278240721407,-4.5203511091386375,1009.5110059917585
91184.25196146562,1006.2550410025405,-78.84107726684715,-4.4800284794322,1009.3389534777806
92029.66808760409,1006.1413494842583,-78.12575318530078,-4.440044128230849,1009.1699799601528
92882.92250172498,1006.02971188251,-77.41675824473644,-4.400395794373976,1009.0040315318516
93744.08787662981,1005.9200915436462,-76.71404082539947,-4.361081215728233,1008.8410551870589
94613.2375589076,1005.812452451846,-76.0175496075806,-4.322098129731042,1008.6809988076199
95490.44557518078,1005.7067592186069,-75.32723357344085,-4.283444273917103,1008.5238111496527
96375.7866384109,1005.6029770723864,-74.64304200870069,-4.245117386428136,1008.3694418303041
97269.3361542618,1005.5010718483932,-73.96492450420008,-4.207115206506348,1008.2178413146532
98171.17022752183,1005.4010099785282,-73.2928309573325,-4.16943547497195,1008.0689609027672
99081.36566858666,1005.3027584814723,-72.62671157335602,-4.1320759346850595,1007.9227527169019
100000.0,1005.2062849529199,-71.96651686658782,-4.09503433099248,1007.7791696888559
